gesture,x0,y0,z0,x1,y1,z1,x2,y2,z2,x3,y3,z3,x4,y4,z4,x5,y5,z5,x6,y6,z6,x7,y7,z7,x8,y8,z8,x9,y9,z9,x10,y10,z10,x11,y11,z11,x12,y12,z12,x13,y13,z13,x14,y14,z14,x15,y15,z15,x16,y16,z16,x17,y17,z17,x18,y18,z18,x19,y19,z19,x20,y20,z20
palma_derecha,0.0,0.0,0.0,0.05986225605010986,-0.020556271076202393,-0.03672127902564171,0.10884010791778564,-0.07083845138549805,-0.05611080035623672,0.13526660203933716,-0.12534403800964355,-0.07236216321643951,0.14417612552642822,-0.18058985471725464,-0.08882718637642029,0.08387291431427002,-0.19401484727859497,-0.048225049973098066,0.11616748571395874,-0.27879443764686584,-0.07933658465799454,0.13761699199676514,-0.33384740352630615,-0.10221775725540283,0.15452414751052856,-0.3842254877090454,-0.11834240809139374,0.03921300172805786,-0.21212667226791382,-0.05071122303661468,0.043991148471832275,-0.31770116090774536,-0.07957835599836471,0.049229204654693604,-0.38660162687301636,-0.1019453640287793,0.052686870098114014,-0.44797763228416443,-0.1179942126577771,-0.0038766562938690186,-0.2014939785003662,-0.05677867412623527,-0.006902515888214111,-0.29337984323501587,-0.08640483126100662,-0.004325419664382935,-0.361824095249176,-0.1075167368358052,-0.0015955567359924316,-0.42314839363098145,-0.12130445346292618,-0.04324215650558472,-0.1694183349609375,-0.06560427054819229,-0.06727069616317749,-0.2374531328678131,-0.09590208634790542,-0.08317625522613525,-0.28742730617523193,-0.11180983588155868,-0.09638020396232605,-0.3358195126056671,-0.12114183709081772
palma_derecha,0.0,0.0,0.0,0.06237536668777466,-0.009100675582885742,-0.04033241740393123,0.11570215225219727,-0.04787790775299072,-0.06298293492721996,0.14930784702301025,-0.09335017204284668,-0.08178690395283184,0.17072159051895142,-0.1430349349975586,-0.10062762669252834,0.08944416046142578,-0.1802261471748352,-0.05573003685998401,0.12867456674575806,-0.2614293694496155,-0.08966381422209224,0.15365904569625854,-0.31508830189704895,-0.11300848743843517,0.17340993881225586,-0.363817036151886,-0.12906883231329402,0.045353055000305176,-0.20324945449829102,-0.05689677915501079,0.05956602096557617,-0.3085818290710449,-0.089250232493157,0.07045978307723999,-0.37600791454315186,-0.11226659587549648,0.0786811113357544,-0.4378204643726349,-0.1280407117955633,0.0014963150024414062,-0.1970233917236328,-0.06163877195643863,0.002116084098815918,-0.28556737303733826,-0.09424636832403621,0.009727239608764648,-0.3513341546058655,-0.1155006693952032,0.017863839864730835,-0.4114769399166107,-0.1288300561063238,-0.039238691329956055,-0.1687222123146057,-0.0692006754033514,-0.06288141012191772,-0.2356092631816864,-0.10045687428640804,-0.0772557258605957,-0.282955527305603,-0.11576123855041942,-0.08809781074523926,-0.32969576120376587,-0.1244762497298666
palma_derecha,0.0,0.0,0.0,0.06303572654724121,-0.008640408515930176,-0.03935211784431658,0.11583954095840454,-0.04618138074874878,-0.06178863979170046,0.15050435066223145,-0.09037929773330688,-0.08048521987387858,0.1697184443473816,-0.14050227403640747,-0.09940012804457865,0.09115654230117798,-0.17864859104156494,-0.05556996799299441,0.1293802261352539,-0.2574496865272522,-0.0891795109886857,0.1537277102470398,-0.31056880950927734,-0.11297197154948435,0.17321062088012695,-0.3597203195095062,-0.12960580251404963,0.047880709171295166,-0.2029908299446106,-0.05722927562186442,0.06043839454650879,-0.306904673576355,-0.088683257617447,0.07017868757247925,-0.3744478225708008,-0.11186056099126063,0.077781081199646,-0.4372427761554718,-0.12818423173615656,0.00415840744972229,-0.19705712795257568,-0.062246664233896354,0.006392359733581543,-0.2838555574417114,-0.09417429081389628,0.01519659161567688,-0.3476276397705078,-0.1156636949557992,0.02448296546936035,-0.40680965781211853,-0.12955221793839655,-0.0362851619720459,-0.1685851812362671,-0.06996697447488032,-0.061780571937561035,-0.23241907358169556,-0.10131238661000452,-0.07806774973869324,-0.27820053696632385,-0.11697515360305033,-0.09030935168266296,-0.323461651802063,-0.12611070535371027
palma_derecha,0.0,0.0,0.0,0.06460142135620117,-0.00840824842453003,-0.03810536338767179,0.12035346031188965,-0.04654771089553833,-0.05883696525177129,0.15552419424057007,-0.09212923049926758,-0.07608262299379476,0.1730629801750183,-0.14266055822372437,-0.09327077715477117,0.0997961163520813,-0.17965251207351685,-0.04979521258553632,0.13832777738571167,-0.25737836956977844,-0.08188293724140294,0.16284358501434326,-0.30972903966903687,-0.10491426884016164,0.18241482973098755,-0.3571760058403015,-0.12087253331026204,0.05600261688232422,-0.20477527379989624,-0.05142012460908063,0.0696723461151123,-0.3088608980178833,-0.08161947726091512,0.08081179857254028,-0.37526580691337585,-0.10383214651426442,0.09015214443206787,-0.4365442097187042,-0.11920291780313619,0.01174783706665039,-0.20130658149719238,-0.056626705814210254,0.017790913581848145,-0.2904951572418213,-0.0868898466118253,0.028342097997665405,-0.354552686214447,-0.10646965949615605,0.039144426584243774,-0.41400283575057983,-0.11877265422424443,-0.029647380113601685,-0.176094651222229,-0.06470783649763234,-0.04826357960700989,-0.24332723021507263,-0.09412605165323384,-0.05909109115600586,-0.29235583543777466,-0.10813966243347295,-0.06671729683876038,-0.34071433544158936,-0.11591888814052709
palma_derecha,0.0,0.0,0.0,0.06316524744033813,-0.00970911979675293,-0.03753411199210177,0.11825942993164062,-0.049634695053100586,-0.05874348606226931,0.1541275978088379,-0.09613829851150513,-0.07698759238479624,0.17311888933181763,-0.14690285921096802,-0.09532931248901377,0.09974759817123413,-0.17947852611541748,-0.05101897741911898,0.13930803537368774,-0.26006394624710083,-0.08344230602739344,0.1641782522201538,-0.313418984413147,-0.10607906977890025,0.18425410985946655,-0.36299705505371094,-0.12196216534135829,0.05592477321624756,-0.205948144197464,-0.05329888860939036,0.07131481170654297,-0.30895018577575684,-0.08441579143760691,0.08251607418060303,-0.3760548233985901,-0.10666204045770655,0.09097707271575928,-0.4383600950241089,-0.12194123666046153,0.011883974075317383,-0.20311203598976135,-0.0590293089604188,0.00882992148399353,-0.2958705723285675,-0.0897835249757577,0.0102003812789917,-0.3622322976589203,-0.10957811574695597,0.013425886631011963,-0.4229211211204529,-0.12217029731033335,-0.028808414936065674,-0.1772693395614624,-0.06765207450149546,-0.05124765634536743,-0.24717620015144348,-0.0973102281546403,-0.06507182121276855,-0.29517897963523865,-0.1117690260267068,-0.07477432489395142,-0.34226828813552856,-0.11997149686573039
palma_derecha,0.0,0.0,0.0,0.06409651041030884,-0.006441056728363037,-0.03792926541854058,0.12020355463027954,-0.044406235218048096,-0.058116267093907936,0.15631824731826782,-0.08935654163360596,-0.07507265976954614,0.17307281494140625,-0.13963240385055542,-0.09209722898293649,0.10294133424758911,-0.17583227157592773,-0.05036871753026162,0.14326786994934082,-0.25268614292144775,-0.08231924346972619,0.1678856611251831,-0.3046950399875641,-0.10507935903359567,0.1879531741142273,-0.35344696044921875,-0.12121114752579842,0.05900406837463379,-0.2021225392818451,-0.052513050505410774,0.07410138845443726,-0.3039169907569885,-0.08319883666325723,0.08608901500701904,-0.37050294876098633,-0.10585203639556084,0.09642571210861206,-0.43292859196662903,-0.1217646437077633,0.01398247480392456,-0.19883936643600464,-0.0582723418562523,0.015932440757751465,-0.2853243350982666,-0.08955860010672723,0.02445635199546814,-0.3489038348197937,-0.1101890268116108,0.03435090184211731,-0.4085339307785034,-0.12327822915602837,-0.02854102849960327,-0.1732824444770813,-0.06690557173777734,-0.04973044991493225,-0.2419135570526123,-0.097524708726894,-0.06321981549263,-0.28985658288002014,-0.11261427275229607,-0.0723949670791626,-0.3376343250274658,-0.12127698830653344
palma_derecha,0.0,0.0,0.0,0.06279721856117249,-0.018466711044311523,-0.03754723284924921,0.11208030581474304,-0.06835013628005981,-0.05812788595045504,0.139685720205307,-0.12040853500366211,-0.07523310769880709,0.15626564621925354,-0.17118829488754272,-0.09296464015329775,0.0800342857837677,-0.18822908401489258,-0.0515972136386722,0.10968086123466492,-0.2716418206691742,-0.08287498195255694,0.12840381264686584,-0.3268057107925415,-0.10503344078148302,0.14324870705604553,-0.3763221204280853,-0.12090767760361132,0.03727525472640991,-0.20435434579849243,-0.05368149865950045,0.0436454713344574,-0.30584222078323364,-0.08392237712229189,0.04945364594459534,-0.3731028437614441,-0.1064569189080089,0.05337008833885193,-0.434759259223938,-0.12253286529863772,-0.0046513378620147705,-0.19258469343185425,-0.059167770934948294,-0.005971252918243408,-0.2836662530899048,-0.09073593307817873,-0.0023823082447052,-0.3502911925315857,-0.11250794519270357,0.0013228356838226318,-0.4105945825576782,-0.12660526324594912,-0.04260489344596863,-0.16002964973449707,-0.06713852126682696,-0.06791266798973083,-0.224481999874115,-0.09936225254620012,-0.08384314179420471,-0.2715243101119995,-0.11622275252426562,-0.09719687700271606,-0.3174743056297302,-0.126167631042847
palma_derecha,0.0,0.0,0.0,0.06287002563476562,-0.01676774024963379,-0.03629534959213743,0.1136244535446167,-0.06465011835098267,-0.05592381476776609,0.1429530382156372,-0.11612945795059204,-0.07236237719075689,0.160994291305542,-0.16890662908554077,-0.08934258564727315,0.0866132378578186,-0.1867009997367859,-0.048457144642043204,0.1176309585571289,-0.2696194648742676,-0.07867757126109609,0.1372198462486267,-0.3237646222114563,-0.10061617835776815,0.1537904143333435,-0.3733428716659546,-0.11643317236917028,0.04527842998504639,-0.20329874753952026,-0.050619843298363776,0.05079406499862671,-0.3025607466697693,-0.07975834503190526,0.056154727935791016,-0.3690340518951416,-0.10227654769437322,0.06098008155822754,-0.42956221103668213,-0.11861937388198385,0.004054069519042969,-0.19296467304229736,-0.05618859350101957,0.005437731742858887,-0.28099721670150757,-0.08660232170836935,0.01188737154006958,-0.34494295716285706,-0.10750806226747045,0.018697887659072876,-0.40257275104522705,-0.1211773891689063,-0.03412044048309326,-0.16268044710159302,-0.0642531578184844,-0.057912200689315796,-0.22781643271446228,-0.09564829512851247,-0.07240515947341919,-0.27631640434265137,-0.11193537607209691,-0.08368974924087524,-0.3234901428222656,-0.12147584452645788
palma_derecha,0.0,0.0,0.0,0.06379690766334534,-0.01329493522644043,-0.04043401928606727,0.11595460772514343,-0.06120234727859497,-0.061767441797883293,0.14361342787742615,-0.1117371916770935,-0.0794073246604512,0.16227826476097107,-0.16055268049240112,-0.09743790106836059,0.0896783173084259,-0.18370336294174194,-0.05238699318829276,0.12347409129142761,-0.2646093964576721,-0.08403697388234832,0.1456456482410431,-0.318499892950058,-0.10673566685977676,0.1644517481327057,-0.36804285645484924,-0.12315640376868942,0.046929359436035156,-0.20384609699249268,-0.05327615665260055,0.056281596422195435,-0.30463501811027527,-0.08361468242469527,0.06492170691490173,-0.37275347113609314,-0.10693992452684142,0.07200965285301208,-0.4355248808860779,-0.12361098604264953,0.005136668682098389,-0.19483822584152222,-0.057889165002734444,0.00040531158447265625,-0.28745126724243164,-0.09002595173183181,0.0008708536624908447,-0.3558649718761444,-0.11284263955417373,0.0026551485061645508,-0.4170346260070801,-0.12767284886899688,-0.03233054280281067,-0.16316115856170654,-0.06531055049958923,-0.061530619859695435,-0.229007750749588,-0.09782834874454238,-0.07957080006599426,-0.2761523127555847,-0.11530668811860778,-0.09364643692970276,-0.3221282660961151,-0.1257579602486203
palma_derecha,0.0,0.0,0.0,0.0581870973110199,-0.01569002866744995,-0.031549102470165735,0.10546925663948059,-0.05540579557418823,-0.04797622452664996,0.13196370005607605,-0.09872865676879883,-0.0619325887708726,0.14695504307746887,-0.14463216066360474,-0.07601895074535037,0.07413217425346375,-0.17257505655288696,-0.03880144546914721,0.10008653998374939,-0.25087448954582214,-0.06355322788644457,0.1149347722530365,-0.3017921447753906,-0.08151755373168612,0.12644895911216736,-0.3478148281574249,-0.09430652748037005,0.03603747487068176,-0.18709897994995117,-0.04046533147979403,0.04323253035545349,-0.27926555275917053,-0.063542037114388,0.04922255873680115,-0.3392145037651062,-0.08203051130462313,0.053265661001205444,-0.3914130926132202,-0.09536855559039736,-0.0014630556106567383,-0.17841321229934692,-0.045262611314541346,-0.0006686151027679443,-0.2558859884738922,-0.06925845037389422,0.00555071234703064,-0.31047844886779785,-0.08686163912702227,0.010992586612701416,-0.3589365482330322,-0.09852516542363787,-0.036694496870040894,-0.15185391902923584,-0.05248235802341128,-0.05593553185462952,-0.20757907629013062,-0.07750578115869189,-0.06868001818656921,-0.24759462475776672,-0.0906602952926221,-0.08016407489776611,-0.28645679354667664,-0.09832267354417468
palma_derecha,0.0,0.0,0.0,0.04592730104923248,-0.01296377182006836,-0.027385867154862353,0.08918985724449158,-0.04474973678588867,-0.03997146985557265,0.1156754195690155,-0.08257263898849487,-0.05016671023395247,0.12516817450523376,-0.12106895446777344,-0.060065760231282184,0.07335978746414185,-0.14406245946884155,-0.028220982244874904,0.09632864594459534,-0.2036113142967224,-0.04702269933250136,0.10944581031799316,-0.24304285645484924,-0.06208725175883956,0.11967992782592773,-0.2801615297794342,-0.07311313129093833,0.04162687063217163,-0.16275471448898315,-0.028551447159316012,0.046899572014808655,-0.23981446027755737,-0.04574168748285956,0.049572914838790894,-0.28883886337280273,-0.06066723815229125,0.05093121528625488,-0.3314465284347534,-0.07160178101685233,0.009960442781448364,-0.16148993372917175,-0.03182889795925803,0.009822279214859009,-0.23000675439834595,-0.049966546660925815,0.01111660897731781,-0.277816504240036,-0.0636687455239553,0.012580141425132751,-0.3200346529483795,-0.07282168692972846,-0.02145405113697052,-0.14469236135482788,-0.03754924512531943,-0.03619089722633362,-0.19843682646751404,-0.05636957935121245,-0.046371594071388245,-0.23521846532821655,-0.06612190133955664,-0.0540778785943985,-0.27062201499938965,-0.07174926525976844
palma_derecha,0.0,0.0,0.0,0.043752431869506836,-0.014401078224182129,-0.026070776199077272,0.08675248920917511,-0.046104371547698975,-0.03795333652672639,0.11439619958400726,-0.0835447907447815,-0.047693681706761026,0.12469656765460968,-0.12089002132415771,-0.05704293101010194,0.0717681497335434,-0.14475896954536438,-0.02567109539089074,0.09562636911869049,-0.20328083634376526,-0.043604035665367746,0.1088370531797409,-0.24259132146835327,-0.05824631898579469,0.11915214359760284,-0.279197096824646,-0.06901782824573388,0.0401943176984787,-0.16467174887657166,-0.02654855399308076,0.04642516374588013,-0.242218017578125,-0.04283139183101525,0.04955734312534332,-0.2914409637451172,-0.05722359268841615,0.05137309432029724,-0.3340967893600464,-0.06759571357545724,0.008616328239440918,-0.1640925109386444,-0.030323733379219675,0.008902043104171753,-0.2338714897632599,-0.04807915984568467,0.009392857551574707,-0.28129255771636963,-0.06166032775220742,0.010396763682365417,-0.32287824153900146,-0.07059264256534448,-0.022839054465293884,-0.1472175419330597,-0.036395662267779016,-0.03938044607639313,-0.19965717196464539,-0.055268146832560205,-0.05128069221973419,-0.23526009917259216,-0.06485071851787438,-0.06037886440753937,-0.2695719599723816,-0.07011741473255029
palma_derecha,0.0,0.0,0.0,0.042699217796325684,-0.011058032512664795,-0.02737943439521473,0.08507168292999268,-0.044303715229034424,-0.03956271319427174,0.11161285638809204,-0.08305472135543823,-0.04935673980750721,0.12400355935096741,-0.12000024318695068,-0.05891235529222172,0.0718015730381012,-0.14059233665466309,-0.028427164841076547,0.09547233581542969,-0.19848868250846863,-0.04732640444078129,0.10859787464141846,-0.23771849274635315,-0.062067225414892846,0.11870819330215454,-0.27433136105537415,-0.07282822190560978,0.03956465423107147,-0.160749614238739,-0.02872148140110653,0.045564115047454834,-0.23768377304077148,-0.04624992592968624,0.04822869598865509,-0.28697678446769714,-0.060814555573841744,0.04995007812976837,-0.3307321071624756,-0.07123629360236805,0.007776305079460144,-0.1601322889328003,-0.031956359583517724,0.007266536355018616,-0.22940272092819214,-0.05083969591893833,0.007521793246269226,-0.27677637338638306,-0.06429504214563053,0.00875680148601532,-0.31908944249153137,-0.0729504859332053,-0.02368435263633728,-0.14330479502677917,-0.037582952368637734,-0.04048049449920654,-0.19685202836990356,-0.05727620034255665,-0.05224941670894623,-0.23326659202575684,-0.06698685495891255,-0.06074795126914978,-0.26900556683540344,-0.07231718658246677
palma_derecha,0.0,0.0,0.0,0.04169668257236481,-0.011701524257659912,-0.028400219111290426,0.0828557163476944,-0.043052494525909424,-0.04089285160466716,0.10913340747356415,-0.08073824644088745,-0.05074253405496165,0.12012161314487457,-0.11781787872314453,-0.060161192967143506,0.0709528774023056,-0.14206665754318237,-0.02842886473104045,0.0930619090795517,-0.20060810446739197,-0.04680499161645457,0.10606430470943451,-0.24035871028900146,-0.061616958184686155,0.11620794236660004,-0.2774503231048584,-0.07255923847719714,0.03951805830001831,-0.16212189197540283,-0.028330168752518148,0.044760286808013916,-0.2396506369113922,-0.04501813749834582,0.04710772633552551,-0.28942713141441345,-0.05968055973812625,0.04859188199043274,-0.3325803875923157,-0.07030121336742923,0.007603585720062256,-0.16107729077339172,-0.031224575890746564,0.008465886116027832,-0.22926658391952515,-0.049786822004762143,0.009430557489395142,-0.27580204606056213,-0.06390454719826266,0.010686501860618591,-0.3167373538017273,-0.07317976008221194,-0.02477993071079254,-0.14387458562850952,-0.036568929506984205,-0.0420556515455246,-0.19483283162117004,-0.056576372189965696,-0.05501598119735718,-0.22961971163749695,-0.0668123448924689,-0.06526996940374374,-0.2634390890598297,-0.07249541680380389
palma_derecha,0.0,0.0,0.0,0.04335664212703705,-0.01166689395904541,-0.026895398618904665,0.08586335182189941,-0.04291653633117676,-0.039083196195093706,0.11265504360198975,-0.08015459775924683,-0.04896470752569826,0.1227329671382904,-0.11679971218109131,-0.05856606957527788,0.0747193992137909,-0.142363041639328,-0.02685387467059286,0.09837028384208679,-0.19938147068023682,-0.045209793718782976,0.11183416843414307,-0.23806676268577576,-0.060067737819878175,0.12260890007019043,-0.27397799491882324,-0.07097901624652536,0.0433061420917511,-0.16282060742378235,-0.027382415132848337,0.05029855668544769,-0.2396639585494995,-0.043943414809433534,0.05387641489505768,-0.2882281541824341,-0.05833609622928293,0.05649334192276001,-0.3306056559085846,-0.06870208901378305,0.011834681034088135,-0.16237550973892212,-0.03085026924523504,0.014014855027198792,-0.23226559162139893,-0.04859317314836176,0.016218140721321106,-0.2797301113605499,-0.06194521707507761,0.019144311547279358,-0.3217906951904297,-0.07075727951738031,-0.01966668665409088,-0.14571458101272583,-0.0367328658423105,-0.03421945869922638,-0.19884222745895386,-0.05543443781348856,-0.044214993715286255,-0.2354295551776886,-0.06490829807731302,-0.05140244960784912,-0.27078482508659363,-0.0702031425854841
palma_derecha,0.0,0.0,0.0,0.043210193514823914,-0.01016145944595337,-0.026472473634811422,0.08519944548606873,-0.040957093238830566,-0.03850945842120268,0.11127012968063354,-0.07906961441040039,-0.04834912356588461,0.12174305319786072,-0.1160537600517273,-0.057970021037789365,0.07391762733459473,-0.137607604265213,-0.027658943204613706,0.09639856219291687,-0.19430911540985107,-0.046587690828772566,0.10963165760040283,-0.23216956853866577,-0.061695587007733366,0.1203961968421936,-0.2683875560760498,-0.07271172490570166,0.04266290366649628,-0.1583196520805359,-0.028359791381689092,0.0476098358631134,-0.2342197299003601,-0.04576719564053633,0.050729379057884216,-0.2824246287345886,-0.060305364547701856,0.05299036204814911,-0.3252946138381958,-0.07074505475017645,0.011422276496887207,-0.15807360410690308,-0.03190724190923788,0.010912612080574036,-0.2246592938899994,-0.05049090471717932,0.010770663619041443,-0.26961749792099,-0.06350155559036352,0.011165916919708252,-0.309691458940506,-0.07181916770193197,-0.019686296582221985,-0.14204391837120056,-0.0377956331953726,-0.03557547926902771,-0.19504553079605103,-0.05680898961279013,-0.04717051982879639,-0.2303522825241089,-0.06596593943092444,-0.0562281534075737,-0.2645137310028076,-0.07093233254406073
palma_derecha,0.0,0.0,0.0,0.042674511671066284,-0.008350670337677002,-0.028366935198818055,0.08513551950454712,-0.03741186857223511,-0.04117934847405991,0.11175575852394104,-0.07485073804855347,-0.051506866460357514,0.12198755145072937,-0.11379039287567139,-0.06156545201471886,0.0734453797340393,-0.13613584637641907,-0.029503789489780274,0.09519785642623901,-0.19321471452713013,-0.04868220606974205,0.1082669198513031,-0.23084735870361328,-0.06389761412671646,0.11893293261528015,-0.26736244559288025,-0.07497955555251679,0.042425692081451416,-0.15729409456253052,-0.029427452703629342,0.048042312264442444,-0.2327161431312561,-0.04677622461846909,0.051335409283638,-0.2808539867401123,-0.06151588702729782,0.0533464252948761,-0.32320737838745117,-0.07230107182792267,0.01097571849822998,-0.15713226795196533,-0.03235552529028496,0.009974807500839233,-0.22178369760513306,-0.050976899211917726,0.010073184967041016,-0.2654656767845154,-0.06436597997478088,0.010505571961402893,-0.3045186400413513,-0.07308265263370117,-0.020739451050758362,-0.1413637101650238,-0.03781157428554138,-0.035603269934654236,-0.1939983367919922,-0.05694329062632164,-0.046734631061553955,-0.22906285524368286,-0.06653856927684387,-0.05563640594482422,-0.2633180618286133,-0.0719970285349234
palma_derecha,0.0,0.0,0.0,0.042883411049842834,-0.009023725986480713,-0.027583941919118615,0.08428621292114258,-0.03989362716674805,-0.03946686546257183,0.10920679569244385,-0.07794559001922607,-0.049035888267070504,0.1195962131023407,-0.1147804856300354,-0.05821960802128956,0.07167653739452362,-0.13680744171142578,-0.02706731307259247,0.09445294737815857,-0.19358107447624207,-0.04541235054782078,0.10782438516616821,-0.23141860961914062,-0.06001634160926983,0.11837515234947205,-0.2675541937351227,-0.0706292764370744,0.0406995564699173,-0.15728995203971863,-0.02681905413916752,0.04626879096031189,-0.23213648796081543,-0.04388949285200283,0.049623966217041016,-0.28026083111763,-0.05826088423779652,0.05172686278820038,-0.3224082291126251,-0.06850165883949444,0.009944021701812744,-0.1571149230003357,-0.029596524414927217,0.008113279938697815,-0.22162768244743347,-0.04821322868517086,0.007201343774795532,-0.264935702085495,-0.06126126657179043,0.006754577159881592,-0.3034660816192627,-0.06936465213945553,-0.02053704857826233,-0.14147451519966125,-0.034848723662406655,-0.036150187253952026,-0.19412755966186523,-0.053921002996474954,-0.04751354455947876,-0.22942671179771423,-0.06332542757442639,-0.056242071092128754,-0.2638888955116272,-0.06839764128378079
palma_derecha,0.0,0.0,0.0,0.043376028537750244,-0.0084686279296875,-0.02738836555820967,0.08547760546207428,-0.038977980613708496,-0.03972269929093386,0.11147387325763702,-0.07716149091720581,-0.0497812922958758,0.12308149039745331,-0.11433631181716919,-0.059563912070217384,0.07419069111347198,-0.1351734697818756,-0.028260433665337814,0.09726189076900482,-0.19088992476463318,-0.047425642228546394,0.11083708703517914,-0.22857433557510376,-0.06257619298142458,0.12152372300624847,-0.26466527581214905,-0.07356819099825884,0.04360829293727875,-0.15660402178764343,-0.02853383830827738,0.04997128248214722,-0.23190805315971375,-0.04612643233579661,0.05297026038169861,-0.28035271167755127,-0.06069699636739756,0.05417519807815552,-0.32254111766815186,-0.07115549928587939,0.01270061731338501,-0.1565593183040619,-0.03174884579223658,0.011259689927101135,-0.2220383882522583,-0.05061708725136782,0.010219991207122803,-0.26462167501449585,-0.06336786187333132,0.00934647023677826,-0.3019930124282837,-0.07137093282383944,-0.018438056111335754,-0.14044779539108276,-0.037406794345798744,-0.033500269055366516,-0.19395294785499573,-0.0565007250670817,-0.04485286772251129,-0.22928956151008606,-0.06557442582291628,-0.053977347910404205,-0.26332786679267883,-0.07048769629639651
palma_derecha,0.0,0.0,0.0,0.04426330327987671,-0.01818370819091797,-0.025262977999631175,0.08663314580917358,-0.058584630489349365,-0.03738708428758741,0.11489322781562805,-0.1000548005104065,-0.04738910875934721,0.13116899132728577,-0.136949360370636,-0.05734968937653662,0.06260204315185547,-0.1478261947631836,-0.028952077102843532,0.08434239029884338,-0.20947062969207764,-0.04811673991102339,0.09620848298072815,-0.25047004222869873,-0.06225315861124159,0.1049332320690155,-0.2871454358100891,-0.07232021920103193,0.02944609522819519,-0.16405558586120605,-0.030404822972599277,0.03462749719619751,-0.24360036849975586,-0.04823503277916075,0.03746160864830017,-0.29381459951400757,-0.06189677498954893,0.03853559494018555,-0.336694598197937,-0.07146092138904692,-0.002703040838241577,-0.1601065993309021,-0.03459163017291189,-0.007423862814903259,-0.23342284560203552,-0.053676128459159145,-0.009577751159667969,-0.283552885055542,-0.0668954291166699,-0.010358765721321106,-0.32673418521881104,-0.07532484464067579,-0.03370213508605957,-0.14004462957382202,-0.040831483972255,-0.054868847131729126,-0.19370052218437195,-0.06064935780781866,-0.06913120299577713,-0.23100847005844116,-0.07041967294830442,-0.07987632602453232,-0.26770058274269104,-0.07579496137518049
palma_derecha,0.0,0.0,0.0,0.0516628623008728,-0.01316004991531372,-0.02222464626930787,0.09407240152359009,-0.05326718091964722,-0.033337531818972366,0.12283438444137573,-0.09210509061813354,-0.04293799607359006,0.14652550220489502,-0.12272238731384277,-0.05281279815636708,0.07067018747329712,-0.1426410675048828,-0.0266708119054897,0.09714800119400024,-0.20001351833343506,-0.044977152927742736,0.11214715242385864,-0.2370179295539856,-0.05810385031901433,0.12357473373413086,-0.2697155475616455,-0.06769269166790082,0.03946810960769653,-0.15853053331375122,-0.02907157337568833,0.04633098840713501,-0.23391461372375488,-0.046346860214100616,0.05089372396469116,-0.28076493740081787,-0.05874633251033856,0.05334949493408203,-0.32035550475120544,-0.06723392961822583,0.009573876857757568,-0.1531580090522766,-0.03391701190076901,0.008234858512878418,-0.22274866700172424,-0.05220390690766408,0.010103166103363037,-0.2698139250278473,-0.06417674033247067,0.013491451740264893,-0.312849223613739,-0.0720494782765968,-0.017484188079833984,-0.1306796669960022,-0.04051653502784802,-0.03499537706375122,-0.17725223302841187,-0.05973059891067578,-0.045017242431640625,-0.21054232120513916,-0.06891788004242017,-0.05154186487197876,-0.24316921830177307,-0.07398271022640301
palma_derecha,0.0,0.0,0.0,0.05150401592254639,-0.010781288146972656,-0.024141668684279693,0.0935634970664978,-0.049483537673950195,-0.03645094983974673,0.12148356437683105,-0.0886540412902832,-0.046794672838842644,0.14567530155181885,-0.12020063400268555,-0.057624438188469185,0.06849950551986694,-0.1389821171760559,-0.030776284045970215,0.0959312915802002,-0.19493043422698975,-0.05084463708797671,0.11226046085357666,-0.23252469301223755,-0.06538333498636462,0.12453329563140869,-0.2672464847564697,-0.07609913252989031,0.0381162166595459,-0.15448665618896484,-0.032926229170954,0.04479867219924927,-0.22992384433746338,-0.052049671641981377,0.04991859197616577,-0.2774234414100647,-0.06608811520735003,0.05237126350402832,-0.32051700353622437,-0.07596108817259051,0.008927702903747559,-0.1482875943183899,-0.03742856287161089,0.007018864154815674,-0.215764582157135,-0.057569240562116875,0.009052097797393799,-0.2628976106643677,-0.07050592952171542,0.012167930603027344,-0.3079661726951599,-0.07894814514318682,-0.017622828483581543,-0.1253221035003662,-0.04375412069956042,-0.03555190563201904,-0.17310220003128052,-0.06429315858284212,-0.0456661581993103,-0.2070963978767395,-0.0740125676313994,-0.052517831325531006,-0.24119403958320618,-0.07951618485847689
palma_derecha,0.0,0.0,0.0,0.04914206266403198,-0.009924829006195068,-0.023333858867772506,0.09058868885040283,-0.04677438735961914,-0.03538785332966654,0.11996662616729736,-0.08397120237350464,-0.04558961296606867,0.14225274324417114,-0.11573511362075806,-0.056314958428629325,0.06760358810424805,-0.13444513082504272,-0.03140342066217272,0.09450244903564453,-0.19174623489379883,-0.05127942392755358,0.11114281415939331,-0.22964724898338318,-0.06545363569784968,0.12396097183227539,-0.2644878625869751,-0.07575464451838343,0.03654360771179199,-0.1503967046737671,-0.03370672667551844,0.04311931133270264,-0.22638341784477234,-0.05243381315995066,0.04862236976623535,-0.2742841839790344,-0.06617673689652293,0.05169200897216797,-0.31667301058769226,-0.07580616528321116,0.006971478462219238,-0.1449454426765442,-0.03814482892084925,0.0043222904205322266,-0.2130611538887024,-0.05728979239393084,0.006007671356201172,-0.26130038499832153,-0.0698408430271229,0.00916820764541626,-0.3064190745353699,-0.07811975682307093,-0.019667625427246094,-0.1227949857711792,-0.0443877300076565,-0.03695988655090332,-0.17150235176086426,-0.06395295465517847,-0.047124385833740234,-0.20574873685836792,-0.0732118358664593,-0.053707778453826904,-0.2395133078098297,-0.07840577716160624
palma_derecha,0.0,0.0,0.0,0.0513765811920166,-0.012652754783630371,-0.023175519611868367,0.09354567527770996,-0.04954582452774048,-0.03579614562931965,0.12161779403686523,-0.08691143989562988,-0.04685592157784413,0.14385491609573364,-0.11988562345504761,-0.05835096789542149,0.06985461711883545,-0.14035159349441528,-0.029811036493811116,0.09713119268417358,-0.19674324989318848,-0.05025158328953694,0.11363887786865234,-0.2338687777519226,-0.06506561366859387,0.12640982866287231,-0.26793116331100464,-0.07575926063600491,0.03938305377960205,-0.15563613176345825,-0.03268704814854573,0.04564732313156128,-0.23143523931503296,-0.05204661069456051,0.05031818151473999,-0.27870774269104004,-0.06597990421596478,0.05245941877365112,-0.32048505544662476,-0.07560533164087246,0.009949684143066406,-0.14924579858779907,-0.037964394968184934,0.007910311222076416,-0.21659302711486816,-0.057937833201322064,0.010193109512329102,-0.26384633779525757,-0.07054887590948056,0.013274431228637695,-0.3077002763748169,-0.07869541523996304,-0.01667308807373047,-0.1261674165725708,-0.04505129409972142,-0.034252941608428955,-0.17364007234573364,-0.06529306499305676,-0.04461038112640381,-0.2081030011177063,-0.0747180494481654,-0.05228555202484131,-0.24208909273147583,-0.0799334111625285
palma_derecha,0.0,0.0,0.0,0.0506281852722168,-0.013071000576019287,-0.023367651804761636,0.09291213750839233,-0.050412118434906006,-0.03575850377924894,0.12035435438156128,-0.08859920501708984,-0.04643554712779974,0.14314335584640503,-0.12103855609893799,-0.05750047887809728,0.06763315200805664,-0.13962137699127197,-0.029611720770077454,0.09461045265197754,-0.19683223962783813,-0.049511720492915856,0.11077636480331421,-0.23436304926872253,-0.06372226501949285,0.12330597639083862,-0.2679445743560791,-0.07388990844734167,0.03710430860519409,-0.15485286712646484,-0.03178230027802442,0.043669164180755615,-0.2306230664253235,-0.05073035980709051,0.04873514175415039,-0.2779480516910553,-0.06440241362102483,0.05136096477508545,-0.31894248723983765,-0.07370301808364843,0.007924914360046387,-0.14922326803207397,-0.036272642269210564,0.005825161933898926,-0.2178095579147339,-0.05557594548113798,0.008310794830322266,-0.2652190923690796,-0.06785496051557516,0.011819303035736084,-0.30897244811058044,-0.07575530286081289,-0.01836073398590088,-0.12715518474578857,-0.04257271538622831,-0.03539109230041504,-0.17485588788986206,-0.061989394083099114,-0.0449565052986145,-0.20891326665878296,-0.0709683718825147,-0.05169188976287842,-0.24206942319869995,-0.0758397998953626
palma_derecha,0.0,0.0,0.0,0.050169527530670166,-0.012615203857421875,-0.0228796542019154,0.09251683950424194,-0.048394978046417236,-0.035248322072675364,0.11982375383377075,-0.085610032081604,-0.045979244294812815,0.14167577028274536,-0.1177818775177002,-0.05709201622312321,0.06963562965393066,-0.13798391819000244,-0.029962621289541858,0.09608954191207886,-0.19439315795898438,-0.05021108094160809,0.11200946569442749,-0.23153141140937805,-0.06486293453281178,0.12442493438720703,-0.26559048891067505,-0.07540536451642765,0.039051830768585205,-0.15362119674682617,-0.03270633298461689,0.04573553800582886,-0.22812846302986145,-0.05196526053850903,0.05095285177230835,-0.2755918800830841,-0.06608631241624607,0.053823769092559814,-0.31774070858955383,-0.07586961764400257,0.00963735580444336,-0.1479945182800293,-0.03770945746009602,0.007390141487121582,-0.2144497036933899,-0.057512612673690455,0.009453952312469482,-0.26133811473846436,-0.0702332608730103,0.012804269790649414,-0.3048555552959442,-0.07845441776817097,-0.01735132932662964,-0.12571042776107788,-0.044464530083587306,-0.03407430648803711,-0.1731349229812622,-0.06436026621167912,-0.044467926025390625,-0.20654189586639404,-0.0735715158612038,-0.05198657512664795,-0.23925942182540894,-0.07860671508615269
palma_derecha,0.0,0.0,0.0,0.04927939176559448,-0.01190871000289917,-0.02456001992194956,0.09050983190536499,-0.04926705360412598,-0.03758231046467131,0.11739730834960938,-0.08843445777893066,-0.048513619777253325,0.13965463638305664,-0.12188154458999634,-0.05971587690382307,0.06613719463348389,-0.13771116733551025,-0.03160166236429518,0.09318023920059204,-0.19547778367996216,-0.05239292847781485,0.10976290702819824,-0.23358452320098877,-0.0671846145656616,0.12282109260559082,-0.2678912878036499,-0.07764087113409346,0.035418689250946045,-0.15343064069747925,-0.0334263654318363,0.0416569709777832,-0.23095425963401794,-0.05291276666193312,0.04707920551300049,-0.2792052626609802,-0.06675099822550123,0.05053049325942993,-0.3213806450366974,-0.07613566013841933,0.006023883819580078,-0.14773768186569214,-0.03762344139485663,0.004716217517852783,-0.2161049246788025,-0.0576684722569496,0.007375061511993408,-0.26347631216049194,-0.07009200992851561,0.011228680610656738,-0.3072635531425476,-0.07792871686487501,-0.020707547664642334,-0.12565207481384277,-0.04366825762062376,-0.036616384983062744,-0.1733415126800537,-0.06368132921724623,-0.04632049798965454,-0.20659029483795166,-0.07263861837654417,-0.05354630947113037,-0.23918679356575012,-0.07738656791715925
palma_derecha,0.0,0.0,0.0,0.049646973609924316,-0.012497961521148682,-0.022897123312901613,0.0908743143081665,-0.04830068349838257,-0.03584796837563431,0.11781883239746094,-0.08420610427856445,-0.04716975144143021,0.141004741191864,-0.11531901359558105,-0.058813112741660234,0.06965351104736328,-0.1387273669242859,-0.030120055144976732,0.09542560577392578,-0.1950557827949524,-0.05047822273368752,0.11125558614730835,-0.23210299015045166,-0.06527221850151932,0.12374907732009888,-0.2662275731563568,-0.07593600354189789,0.03923159837722778,-0.15374833345413208,-0.03303910694117462,0.04484337568283081,-0.22887253761291504,-0.05221103779072678,0.050112009048461914,-0.27579039335250854,-0.06592020294661438,0.05355823040008545,-0.3180457353591919,-0.07540170750613129,0.009807169437408447,-0.14720147848129272,-0.038241549348782655,0.007246673107147217,-0.21380102634429932,-0.058028615033578035,0.009476959705352783,-0.26006102561950684,-0.06996303699011719,0.013318479061126709,-0.30377015471458435,-0.0775589858650676,-0.01722133159637451,-0.12414175271987915,-0.04522050074334061,-0.034586310386657715,-0.17262732982635498,-0.06515748701090729,-0.04463416337966919,-0.20641309022903442,-0.07392550907130158,-0.051533520221710205,-0.24002662301063538,-0.07857268950934326
palma_derecha,0.0,0.0,0.0,0.04967981576919556,-0.013860702514648438,-0.02279370925819535,0.09125250577926636,-0.05074477195739746,-0.03583451449370045,0.11987173557281494,-0.08712351322174072,-0.047270902390238234,0.14372235536575317,-0.1188306212425232,-0.05927539333200116,0.07071226835250854,-0.13946741819381714,-0.030690747270938346,0.09638923406600952,-0.19471502304077148,-0.05202465593313832,0.11234718561172485,-0.2312977910041809,-0.0675940075466599,0.12548977136611938,-0.2654475271701813,-0.07878383337950368,0.04046398401260376,-0.15493661165237427,-0.03411488696431775,0.04680204391479492,-0.23068147897720337,-0.05391119509434361,0.05208510160446167,-0.27749478816986084,-0.06820959686731953,0.05563896894454956,-0.3193681240081787,-0.078127154106852,0.010820150375366211,-0.14841747283935547,-0.0398268745789494,0.009213447570800781,-0.2152063548564911,-0.06009597047662396,0.012194156646728516,-0.2618488371372223,-0.07251601755118031,0.01651906967163086,-0.3057872951030731,-0.0805697748014893,-0.01669222116470337,-0.12474054098129272,-0.047277902210709044,-0.03262394666671753,-0.17203235626220703,-0.06742152660584111,-0.04191309213638306,-0.20564013719558716,-0.0761871197769608,-0.04855114221572876,-0.23925566673278809,-0.08097793250774998
palma_derecha,0.0,0.0,0.0,0.052311480045318604,-0.011259377002716064,-0.025498788061668165,0.09575492143630981,-0.04797983169555664,-0.04076497182541061,0.12597066164016724,-0.08749181032180786,-0.053877516838838346,0.1500474214553833,-0.1254376769065857,-0.06791287213854957,0.07199543714523315,-0.13863468170166016,-0.03926515877537895,0.1015772819519043,-0.20300596952438354,-0.06347342878871132,0.11870819330215454,-0.24691903591156006,-0.08023373335890938,0.13226419687271118,-0.2866382598876953,-0.09211571812920738,0.041968345642089844,-0.15356552600860596,-0.04199163541488815,0.05056232213973999,-0.23425406217575073,-0.06371100545220543,0.05535966157913208,-0.28567636013031006,-0.07899280190758873,0.05900728702545166,-0.3311418294906616,-0.08993895650201011,0.012187063694000244,-0.14673393964767456,-0.04670985713892151,0.013283133506774902,-0.22271499037742615,-0.06780287921719719,0.01677030324935913,-0.27343374490737915,-0.07985088527493645,0.021952390670776367,-0.3200024366378784,-0.08817327320866752,-0.014788687229156494,-0.12244516611099243,-0.05326064601831604,-0.032189786434173584,-0.17422866821289062,-0.07451460063748527,-0.04001051187515259,-0.21160632371902466,-0.08357516229443718,-0.044062137603759766,-0.2471834421157837,-0.08855208307795692
palma_derecha,0.0,0.0,0.0,0.04723125696182251,-0.020783603191375732,-0.019983977202798542,0.0895954966545105,-0.06848645210266113,-0.027531521518255886,0.11499512195587158,-0.11478334665298462,-0.033930258948828396,0.12465578317642212,-0.1536293923854828,-0.040214123327757534,0.07039046287536621,-0.1550443470478058,-0.018141683314468082,0.0944017767906189,-0.21438385546207428,-0.033878820140387234,0.10795682668685913,-0.25310976803302765,-0.046433678020264324,0.11810845136642456,-0.28680646419525146,-0.05548242305638951,0.03943294286727905,-0.17141595482826233,-0.02050787036540669,0.047020912170410156,-0.24874335527420044,-0.03483589937212628,0.05133938789367676,-0.2973286062479019,-0.047075780231978115,0.05376249551773071,-0.33809949457645416,-0.055732572574640926,0.00944364070892334,-0.16883854568004608,-0.02552764875116509,0.009931743144989014,-0.24107256531715393,-0.040541237343575176,0.011683225631713867,-0.2899377644062042,-0.052315114189411815,0.01447489857673645,-0.33290256559848785,-0.060309799511458095,-0.0197027325630188,-0.15061533451080322,-0.03245507006766957,-0.033808887004852295,-0.2028072029352188,-0.04806775425794285,-0.04305177927017212,-0.23956918716430664,-0.05615886871936482,-0.049674421548843384,-0.27456502616405487,-0.060882704455877956
palma_derecha,0.0,0.0,0.0,0.04799044132232666,-0.020344853401184082,-0.020047330399222574,0.08971965312957764,-0.0672040581703186,-0.02772270432598134,0.11446261405944824,-0.11293655633926392,-0.03426795742399236,0.12422531843185425,-0.15117567777633667,-0.04064684278256436,0.07167553901672363,-0.15476903319358826,-0.018278836374349794,0.09636902809143066,-0.2142937183380127,-0.033877818946905336,0.11021310091018677,-0.25277504324913025,-0.04639078593737622,0.12050092220306396,-0.2864735275506973,-0.05547558433300992,0.04024475812911987,-0.1712270975112915,-0.02061794429010888,0.04776555299758911,-0.2493278682231903,-0.034948694621391496,0.05224961042404175,-0.2975606918334961,-0.047205644761390886,0.05482298135757446,-0.3376544713973999,-0.05588868177420636,0.00998622179031372,-0.1685667783021927,-0.025600898181266984,0.010281920433044434,-0.2403939664363861,-0.04070534846670171,0.012346744537353516,-0.28919313848018646,-0.05268099448568364,0.015303313732147217,-0.3317805975675583,-0.06082230723387738,-0.019237607717514038,-0.15016907453536987,-0.03249156764633199,-0.0331229567527771,-0.20274892449378967,-0.048182523911066255,-0.04242503643035889,-0.2393122911453247,-0.05641843668109914,-0.049154043197631836,-0.27389101684093475,-0.061280402456588945
palma_derecha,0.0,0.0,0.0,0.047295212745666504,-0.019823729991912842,-0.01947201143110533,0.08951646089553833,-0.06730729341506958,-0.0270520682176425,0.11563342809677124,-0.11307093501091003,-0.0335167060335948,0.1256515383720398,-0.1519973874092102,-0.03988272796476622,0.07157355546951294,-0.15192967653274536,-0.018862352772600843,0.09676146507263184,-0.2107168734073639,-0.03527676786387701,0.11216330528259277,-0.24836859107017517,-0.04809761892164488,0.12388604879379272,-0.2810378670692444,-0.05718412350023527,0.040850698947906494,-0.16907712817192078,-0.0214714715918376,0.049425601959228516,-0.247495636343956,-0.03630468721593161,0.05460333824157715,-0.2961248755455017,-0.04865328694785376,0.057467877864837646,-0.33642518520355225,-0.057343223198301985,0.01095736026763916,-0.16708159446716309,-0.026671745880491926,0.011960387229919434,-0.23898695409297943,-0.042138167723067,0.014706552028656006,-0.2877712696790695,-0.05405521120036383,0.018246352672576904,-0.33048130571842194,-0.06212219695652266,-0.017860084772109985,-0.14936429262161255,-0.033677083506233885,-0.030800342559814453,-0.20194345712661743,-0.0494149150987937,-0.0395088791847229,-0.23855455219745636,-0.05748748506510992,-0.04577970504760742,-0.27347536385059357,-0.06228140841329832
palma_derecha,0.0,0.0,0.0,0.0476815402507782,-0.018121004104614258,-0.02092602335085303,0.08985123038291931,-0.06311297416687012,-0.029030587972897592,0.11597141623497009,-0.10888910293579102,-0.035727423133153025,0.12430855631828308,-0.14817115664482117,-0.04233081311156184,0.07117024064064026,-0.1493692398071289,-0.019999465422529283,0.0966554582118988,-0.20769387483596802,-0.03622672751714617,0.11180421710014343,-0.2455998659133911,-0.04909422666003138,0.1233777105808258,-0.27901695668697357,-0.0583325368182841,0.040516167879104614,-0.16691602766513824,-0.021926256345409456,0.04847833514213562,-0.24421924352645874,-0.0365223926322642,0.05308464169502258,-0.2919705808162689,-0.04879298106004626,0.05586257576942444,-0.33137141168117523,-0.057500914187926355,0.010463088750839233,-0.1653464287519455,-0.026474426017898622,0.012174874544143677,-0.23725788295269012,-0.04174515649845034,0.014739274978637695,-0.2860191911458969,-0.053407077194947306,0.018108278512954712,-0.32839350402355194,-0.061337341071862284,-0.018796831369400024,-0.14797565340995789,-0.032970428915518823,-0.031631648540496826,-0.2005479335784912,-0.04883758768608004,-0.0400407612323761,-0.23708686232566833,-0.05685383126308352,-0.04604020714759827,-0.27137382328510284,-0.06151785746385485
palma_derecha,0.0,0.0,0.0,0.0462685227394104,-0.019401073455810547,-0.018792168492808514,0.08667725324630737,-0.0648835301399231,-0.027010009879603558,0.1134834885597229,-0.10904374718666077,-0.034370930189624005,0.12518936395645142,-0.14774003624916077,-0.04179135828687208,0.070709228515625,-0.15064159035682678,-0.01936135373486536,0.09655338525772095,-0.20800037682056427,-0.0363565173692848,0.1124308705329895,-0.24426168203353882,-0.04972339912725943,0.12468463182449341,-0.2757067084312439,-0.059186418796315365,0.04005765914916992,-0.1677604764699936,-0.022653025830521756,0.04896324872970581,-0.24395164847373962,-0.03793938576652067,0.054295361042022705,-0.2911771535873413,-0.05053147792293089,0.05735248327255249,-0.3310232013463974,-0.05955117314530867,0.009776890277862549,-0.16538363695144653,-0.02843130312336939,0.011997878551483154,-0.2371063381433487,-0.04421719654871481,0.015195846557617188,-0.2847331464290619,-0.055707657033934765,0.01894986629486084,-0.3266436904668808,-0.06356171264721411,-0.01964631676673889,-0.14696994423866272,-0.0359280642814781,-0.031915903091430664,-0.20018014311790466,-0.05180367201043623,-0.03934216499328613,-0.2371349334716797,-0.05935674279405134,-0.044394612312316895,-0.27185821533203125,-0.06378711506201284
palma_derecha,0.0,0.0,0.0,0.04814302921295166,-0.019883960485458374,-0.019135718651227762,0.08960747718811035,-0.0663166344165802,-0.02612991765897732,0.11360704898834229,-0.11141905188560486,-0.032098952166847994,0.12196999788284302,-0.1493956744670868,-0.03792668827634316,0.07097733020782471,-0.1526724249124527,-0.016614855684451868,0.09729200601577759,-0.20996668934822083,-0.03172669508319359,0.11262708902359009,-0.24681898951530457,-0.04393700458865624,0.12393790483474731,-0.27890869975090027,-0.05257844128470879,0.040475428104400635,-0.16967326402664185,-0.01899013803165417,0.04903578758239746,-0.2471746802330017,-0.032433501862101366,0.0541764497756958,-0.2951558381319046,-0.0439249905274437,0.056738078594207764,-0.33394794166088104,-0.05187871628265839,0.010759800672531128,-0.16750583052635193,-0.023971978061013033,0.011888086795806885,-0.23911038041114807,-0.03799447365861397,0.015032827854156494,-0.28723369538784027,-0.048886183135323336,0.018852412700653076,-0.3286772072315216,-0.05621068873267632,-0.018057793378829956,-0.1491921842098236,-0.03082601860921841,-0.03054097294807434,-0.20093832910060883,-0.045379790894799044,-0.037939220666885376,-0.23701974749565125,-0.05244888686399918,-0.04288160800933838,-0.27075688540935516,-0.056403103701882173
palma_derecha,0.0,0.0,0.0,0.047847867012023926,-0.02056261897087097,-0.01791651668600025,0.0892629623413086,-0.06671792268753052,-0.025073333928503416,0.11548978090286255,-0.11021935939788818,-0.03144810842923107,0.12458711862564087,-0.14791198074817657,-0.03782842057398739,0.07212656736373901,-0.14959284663200378,-0.016638304392017744,0.09917044639587402,-0.2052779197692871,-0.03257532539419117,0.11511111259460449,-0.24210631847381592,-0.04539032402090015,0.12705504894256592,-0.27442774176597595,-0.05448061721972408,0.042164504528045654,-0.1670798510313034,-0.01992079737237873,0.0514562726020813,-0.24409791827201843,-0.0341796067600626,0.05713886022567749,-0.2919939309358597,-0.04605585830859127,0.060362398624420166,-0.33208583295345306,-0.05442668246678295,0.012303858995437622,-0.1656758338212967,-0.025717168400205992,0.014013200998306274,-0.23685482144355774,-0.040442568535127066,0.01781231164932251,-0.2841026484966278,-0.0512432915215868,0.02214723825454712,-0.32546159625053406,-0.05856793867997112,-0.016951769590377808,-0.14871220290660858,-0.03327025222233715,-0.029002368450164795,-0.20102468132972717,-0.048073296720303915,-0.035919904708862305,-0.23714663088321686,-0.055069764429845236,-0.040288448333740234,-0.2715601176023483,-0.05916232737354221
palma_derecha,0.0,0.0,0.0,0.04778662323951721,-0.020720720291137695,-0.017580201755663438,0.08907631039619446,-0.06706133484840393,-0.02428840091397433,0.11463698744773865,-0.11023411154747009,-0.03034213734736113,0.12267151474952698,-0.1474568247795105,-0.03641348509063391,0.07140490412712097,-0.14977125823497772,-0.015430339518388791,0.0971926748752594,-0.20526865124702454,-0.03082664487828879,0.11282792687416077,-0.24160267412662506,-0.04337559817304282,0.1246773898601532,-0.2730821371078491,-0.05229591010083823,0.041409462690353394,-0.16674025356769562,-0.018746873270174547,0.05032464861869812,-0.24215006828308105,-0.03258527247180609,0.05595460534095764,-0.2894918918609619,-0.044432217161556764,0.059319764375686646,-0.32871437072753906,-0.052749344985386415,0.011444181203842163,-0.16514094173908234,-0.024620083998343034,0.013385206460952759,-0.23626816272735596,-0.039052667002579255,0.01714685559272766,-0.2839043438434601,-0.05002033887376456,0.02174392342567444,-0.3256217837333679,-0.05746054081191687,-0.017913758754730225,-0.14817732572555542,-0.03222250742783217,-0.02950093150138855,-0.19992011785507202,-0.0469340885983911,-0.03632113337516785,-0.23602503538131714,-0.054009308944841905,-0.04049956798553467,-0.27024349570274353,-0.05811936212649016
palma_derecha,0.0,0.0,0.0,0.047821223735809326,-0.017804265022277832,-0.01799872501052846,0.08847564458847046,-0.06251314282417297,-0.025272654204144374,0.11413484811782837,-0.10597127676010132,-0.0316408405289792,0.12404483556747437,-0.1431930959224701,-0.03809780052162637,0.07197779417037964,-0.14369487762451172,-0.017950689254774943,0.09891927242279053,-0.19906899333000183,-0.03387428244806756,0.11551940441131592,-0.23573186993598938,-0.04636457732178201,0.1279761791229248,-0.26753342151641846,-0.05517751148201455,0.04243654012680054,-0.16202501952648163,-0.02095295099772443,0.052469074726104736,-0.23826715350151062,-0.0351019146130227,0.05856257677078247,-0.28573206067085266,-0.04670857807852258,0.062107861042022705,-0.3248709589242935,-0.05488338863708009,0.012807220220565796,-0.1618393361568451,-0.026322826577796832,0.015787184238433838,-0.23294225335121155,-0.040766494183316127,0.019971609115600586,-0.2806348353624344,-0.051367482005133525,0.024568259716033936,-0.32185737788677216,-0.05862942507721414,-0.01633208990097046,-0.14609885215759277,-0.03338222375370492,-0.027452468872070312,-0.1984982192516327,-0.04802160879827966,-0.03344491124153137,-0.23471678793430328,-0.054890131412520304,-0.036979734897613525,-0.26859940588474274,-0.05888634344793786
palma_derecha,0.0,0.0,0.0,0.04655998945236206,-0.024312913417816162,-0.01973084210570164,0.08541697263717651,-0.07196852564811707,-0.027852910004213527,0.1085810661315918,-0.11685729026794434,-0.034973318121984676,0.11515384912490845,-0.1572149693965912,-0.04195662065561123,0.060397982597351074,-0.15593749284744263,-0.018801017097786143,0.08308595418930054,-0.21611058712005615,-0.03503254651243992,0.09615576267242432,-0.25513698160648346,-0.04767925514991589,0.10579806566238403,-0.28928275406360626,-0.056638805560425,0.02923804521560669,-0.16979344189167023,-0.02138974181528397,0.03379029035568237,-0.24750366806983948,-0.03617494776065655,0.03689664602279663,-0.2965957224369049,-0.048297563932493404,0.038272082805633545,-0.3369036316871643,-0.056753760568454936,-0.00017005205154418945,-0.1648271083831787,-0.026646985105827525,-0.0033766627311706543,-0.2359137386083603,-0.042127123467281535,-0.0026400089263916016,-0.28514689207077026,-0.053973028801038936,-0.0006043612957000732,-0.32797978818416595,-0.06184753998334713,-0.027182072401046753,-0.1446327269077301,-0.033775555334642604,-0.04390117526054382,-0.19539782404899597,-0.05001897587592907,-0.054767996072769165,-0.23205351829528809,-0.05857839285548039,-0.06270855665206909,-0.2670056223869324,-0.06353906019742794
palma_derecha,0.0,0.0,0.0,0.042073458433151245,-0.008211374282836914,-0.025716947149533098,0.07765910029411316,-0.036501407623291016,-0.04085053665568239,0.10305926203727722,-0.06764727830886841,-0.0536005699448765,0.12389388680458069,-0.0957213044166565,-0.06708186654378778,0.06132933497428894,-0.11550307273864746,-0.04049797890712625,0.08778294920921326,-0.17164373397827148,-0.062267539780634706,0.10325571894645691,-0.2084813117980957,-0.07658171443273432,0.11540839076042175,-0.2422669529914856,-0.08662218390037424,0.032520443201065063,-0.12951022386550903,-0.04149394271900064,0.037713855504989624,-0.19846540689468384,-0.06162356002261049,0.04169502854347229,-0.24322164058685303,-0.07539451656867868,0.04418930411338806,-0.28366726636886597,-0.0853611358814419,0.003761976957321167,-0.12417048215866089,-0.044299764316576784,-0.000144273042678833,-0.18532609939575195,-0.06450128344823725,-0.0009019076824188232,-0.22756212949752808,-0.07653303978969461,-8.177757263183594e-05,-0.2658799886703491,-0.08464563427497751,-0.02275100350379944,-0.1041821837425232,-0.04889815090228922,-0.04235413670539856,-0.14837318658828735,-0.06897645978261835,-0.0547616183757782,-0.17766660451889038,-0.07802264181901819,-0.06386956572532654,-0.2058793306350708,-0.08322547165681726
palma_derecha,0.0,0.0,0.0,0.04275652766227722,-0.007939398288726807,-0.024633083539100653,0.07810738682746887,-0.03466296195983887,-0.03938947250136948,0.10395404696464539,-0.06416153907775879,-0.051967456983419424,0.12401154637336731,-0.09249287843704224,-0.06540500004777527,0.061353594064712524,-0.11516189575195312,-0.03925709431061364,0.08713558316230774,-0.1691572666168213,-0.061113789724203116,0.10326424241065979,-0.20459991693496704,-0.07592544336804963,0.11635163426399231,-0.2377384901046753,-0.08626117934474564,0.032864660024642944,-0.1299540400505066,-0.041043352382274634,0.03761705756187439,-0.19885051250457764,-0.06040928889999009,0.04203912615776062,-0.24359619617462158,-0.07404274125585175,0.04487547278404236,-0.28390806913375854,-0.08409998198041535,0.0039739906787872314,-0.12403213977813721,-0.04464930300602532,0.000865936279296875,-0.18529701232910156,-0.06429265816697693,0.0011591911315917969,-0.22827351093292236,-0.07655488331803895,0.0026916861534118652,-0.2671170234680176,-0.08494333554992295,-0.02241918444633484,-0.10254240036010742,-0.04998132218608475,-0.041833728551864624,-0.1469849944114685,-0.06995392222890473,-0.05408868193626404,-0.1767922043800354,-0.07904199888000107,-0.06335946917533875,-0.20531874895095825,-0.0842895173002205
palma_derecha,0.0,0.0,0.0,0.041649192571640015,-0.008980393409729004,-0.024225171880942753,0.0765240490436554,-0.035076260566711426,-0.039261736201268604,0.10191914439201355,-0.06301265954971313,-0.05233019240401404,0.12159332633018494,-0.09261232614517212,-0.06606509559057372,0.06323203444480896,-0.11656343936920166,-0.03796043269537108,0.08908411860466003,-0.17228424549102783,-0.05918812401793616,0.10388574004173279,-0.2072504758834839,-0.07339435838363784,0.11583366990089417,-0.23993057012557983,-0.08338176481626647,0.03348919749259949,-0.13046765327453613,-0.04005606867573874,0.03898981213569641,-0.19836008548736572,-0.05922336898944991,0.04340633749961853,-0.2415723204612732,-0.07263665668867247,0.046454936265945435,-0.28010833263397217,-0.0824901314844908,0.0038151443004608154,-0.12373679876327515,-0.044088453279954365,0.0002588927745819092,-0.1833675503730774,-0.06343171023033278,0.0006619095802307129,-0.22483402490615845,-0.07542348675630706,0.002678990364074707,-0.26260238885879517,-0.0836590232720198,-0.0230865478515625,-0.1015087366104126,-0.049844719695073536,-0.04137140512466431,-0.14525002241134644,-0.06951859615944045,-0.05240580439567566,-0.17515426874160767,-0.07854120455883162,-0.060054242610931396,-0.20457035303115845,-0.0837801175584616
palma_derecha,0.0,0.0,0.0,0.04193374514579773,-0.00841301679611206,-0.025800842099158672,0.07646217942237854,-0.0358394980430603,-0.041915203683345226,0.10110196471214294,-0.0660855770111084,-0.05563476239916554,0.12109974026679993,-0.09637695550918579,-0.07011362095948925,0.061161428689956665,-0.11539125442504883,-0.041540901415316966,0.08699288964271545,-0.1712774634361267,-0.06408057292577496,0.10197427868843079,-0.2071210741996765,-0.07912446489211789,0.11381867527961731,-0.24102401733398438,-0.08977649291631451,0.03244951367378235,-0.128961443901062,-0.043162624590365795,0.03783354163169861,-0.19710707664489746,-0.06376284291621914,0.04220542311668396,-0.24062609672546387,-0.07765630563375225,0.04528722167015076,-0.28004133701324463,-0.08792121639129391,0.00316542387008667,-0.12258535623550415,-0.04671369423743954,5.665421485900879e-05,-0.18342995643615723,-0.067108965717523,0.0003350973129272461,-0.22538894414901733,-0.07914701779958477,0.002403557300567627,-0.2637943625450134,-0.08746996452686062,-0.02373325824737549,-0.10103732347488403,-0.052044644259183315,-0.04132148623466492,-0.1465761661529541,-0.07227887889024487,-0.051472485065460205,-0.17686641216278076,-0.08141668816682568,-0.05840367078781128,-0.2062198519706726,-0.08685988118526211
palma_derecha,0.0,0.0,0.0,0.04288861155509949,-0.00992286205291748,-0.023612200806070405,0.07636299729347229,-0.03651386499404907,-0.03841154050283535,0.09969648718833923,-0.06703382730484009,-0.05113808211140736,0.11885717511177063,-0.09663057327270508,-0.06458691280536755,0.059538692235946655,-0.11686104536056519,-0.038848684692908364,0.0871676504611969,-0.17198407649993896,-0.06044108938627346,0.10376688838005066,-0.20792126655578613,-0.07474326115303143,0.11723724007606506,-0.2405117154121399,-0.08460731577329739,0.031100839376449585,-0.13153696060180664,-0.04071748774700268,0.03810831904411316,-0.19960111379623413,-0.060354323649931985,0.0427495539188385,-0.24599510431289673,-0.07371099066190823,0.04551556706428528,-0.2866126298904419,-0.0832034848278056,0.0022382736206054688,-0.12591540813446045,-0.04429370682888134,-0.0006597638130187988,-0.18963319063186646,-0.06410567235403164,-0.0008980631828308105,-0.2342921495437622,-0.07642513286523922,0.00042498111724853516,-0.27299296855926514,-0.08457025658540829,-0.023572474718093872,-0.10445070266723633,-0.04938891302995785,-0.045313626527786255,-0.14932435750961304,-0.06969006877594097,-0.0580192506313324,-0.18100959062576294,-0.07915573340110882,-0.06702491641044617,-0.21018683910369873,-0.08434688072853191
palma_derecha,0.0,0.0,0.0,0.04316583275794983,-0.007608771324157715,-0.02416700604655375,0.07824006676673889,-0.03493821620941162,-0.03862249213554492,0.10200920701026917,-0.06663393974304199,-0.05099397632577052,0.11947658658027649,-0.09971708059310913,-0.06405556681849589,0.06252625584602356,-0.1154325008392334,-0.03836744386055102,0.08862653374671936,-0.1714547872543335,-0.05981730404593577,0.10433438420295715,-0.2075379490852356,-0.07394753131367793,0.11717435717582703,-0.24050891399383545,-0.08366698506571879,0.03372713923454285,-0.1296960711479187,-0.039951947660227916,0.03944620490074158,-0.1990419626235962,-0.05920479181506266,0.044025927782058716,-0.24450182914733887,-0.07233831766345133,0.04693666100502014,-0.2846161127090454,-0.08177494737603297,0.004957109689712524,-0.1237788200378418,-0.043387842507144114,0.000488579273223877,-0.1857362985610962,-0.06250643465020289,0.0004914700984954834,-0.2285860776901245,-0.07398746642567744,0.0021470189094543457,-0.2664041519165039,-0.08166931304432978,-0.02102026343345642,-0.1026342511177063,-0.048541945547839305,-0.04146197438240051,-0.14817839860916138,-0.06797647956111064,-0.05365923047065735,-0.17889398336410522,-0.07691203537680735,-0.062383681535720825,-0.20807456970214844,-0.08190546664692988
palma_derecha,0.0,0.0,0.0,0.0418563187122345,-0.008283793926239014,-0.023629480770040345,0.07736030220985413,-0.035012006759643555,-0.037731826102543664,0.10116896033287048,-0.06531763076782227,-0.04972089061718066,0.11792299151420593,-0.09605783224105835,-0.06230398992281039,0.06197240948677063,-0.1140286922454834,-0.03823750445823748,0.08865860104560852,-0.1702917218208313,-0.05902276540379603,0.10444721579551697,-0.20647597312927246,-0.07236324975471575,0.11679944396018982,-0.23883718252182007,-0.08146387318353732,0.03289631009101868,-0.12891793251037598,-0.03992418552022059,0.03894093632698059,-0.19856047630310059,-0.05892827714066584,0.043597906827926636,-0.24359411001205444,-0.07154610732774813,0.04630348086357117,-0.2828370928764343,-0.08043219873886187,0.0038735568523406982,-0.12402713298797607,-0.04333525875787814,0.00011810660362243652,-0.18559831380844116,-0.062271714007664514,0.00020805001258850098,-0.22763395309448242,-0.07347651550750811,0.0015772879123687744,-0.26476579904556274,-0.08086066672782977,-0.02219414710998535,-0.10395264625549316,-0.048384785449314904,-0.04143765568733215,-0.14890527725219727,-0.06747684607486804,-0.053601205348968506,-0.17876744270324707,-0.075891047513295,-0.06255170702934265,-0.20706915855407715,-0.08044515529851992
palma_derecha,0.0,0.0,0.0,0.04065629839897156,-0.007110893726348877,-0.024658286076288505,0.07469549775123596,-0.03360778093338013,-0.04012470419357328,0.09916797280311584,-0.06365782022476196,-0.05327697942803411,0.11878511309623718,-0.09373408555984497,-0.06723217020581274,0.0608462393283844,-0.11306232213973999,-0.041205738734703345,0.08700522780418396,-0.16884350776672363,-0.06360737333844213,0.10302433371543884,-0.20409977436065674,-0.07815273950646429,0.11565914750099182,-0.23657357692718506,-0.08809216420004873,0.031363099813461304,-0.12659573554992676,-0.04277162353346853,0.037385374307632446,-0.1947246789932251,-0.06311800430367498,0.04181674122810364,-0.2389669418334961,-0.07673420111487417,0.04429176449775696,-0.27912211418151855,-0.08655494551013021,0.0019482672214508057,-0.12056994438171387,-0.04607717792342214,-0.0017459094524383545,-0.1805514693260193,-0.06596753845761327,-0.001536041498184204,-0.22278457880020142,-0.07767251233408956,0.0002471506595611572,-0.2617689371109009,-0.08556407789538412,-0.024388551712036133,-0.1000065803527832,-0.05104766885588674,-0.04267004132270813,-0.1452275514602661,-0.07084122399638204,-0.05375567078590393,-0.1753639578819275,-0.07964269916365652,-0.06174013018608093,-0.20505279302597046,-0.08464456449101476
palma_derecha,0.0,0.0,0.0,0.0419175922870636,-0.006843626499176025,-0.023865778918406022,0.07564517855644226,-0.03443354368209839,-0.038090570817729485,0.10016396641731262,-0.06504261493682861,-0.050259410391589654,0.11932501196861267,-0.09492671489715576,-0.06316869239046241,0.06271854043006897,-0.11652851104736328,-0.037655453185578835,0.08923444151878357,-0.17162764072418213,-0.058681364159127725,0.10523071885108948,-0.20697933435440063,-0.07257241288854743,0.11785927414894104,-0.23914825916290283,-0.08230559806062843,0.03345414996147156,-0.13029325008392334,-0.0393734900160041,0.03944382071495056,-0.19698846340179443,-0.0586787601812091,0.044610947370529175,-0.240200936794281,-0.0718720434112754,0.04820558428764343,-0.27896350622177124,-0.08135915080740119,0.0036673545837402344,-0.12405973672866821,-0.042942936520120156,0.0002600252628326416,-0.18442988395690918,-0.06234213615491058,0.0007288455963134766,-0.22579926252365112,-0.07389099429084922,0.0031344592571258545,-0.2636765241622925,-0.0816357238097396,-0.023461967706680298,-0.10247009992599487,-0.04815714711978103,-0.04208269715309143,-0.1464563012123108,-0.06800763587190772,-0.05307546257972717,-0.1762714385986328,-0.07689304928018714,-0.060607343912124634,-0.20525312423706055,-0.0818181065721717
palma_derecha,0.0,0.0,0.0,0.0427994430065155,-0.0097731351852417,-0.02520666530082849,0.07801812887191772,-0.03502821922302246,-0.04034898129950193,0.10033726692199707,-0.06482452154159546,-0.05323504728923467,0.11104267835617065,-0.0969768762588501,-0.06656628546963361,0.05792641639709473,-0.12251687049865723,-0.039880671330791984,0.08407813310623169,-0.17957305908203125,-0.06267516014824537,0.1006823182106018,-0.21623551845550537,-0.07817788121948865,0.11369872093200684,-0.24984490871429443,-0.08859600571642545,0.027879327535629272,-0.1379169225692749,-0.04162228552351621,0.0351274311542511,-0.20937973260879517,-0.06185921726475385,0.03965872526168823,-0.2572084665298462,-0.07609491495142606,0.042035043239593506,-0.29975801706314087,-0.08603550193558362,-0.0017984509468078613,-0.13245397806167603,-0.04525401888142255,-0.004787951707839966,-0.19588732719421387,-0.06539251355181364,-0.0050650835037231445,-0.24159330129623413,-0.07832462040434507,-0.003989994525909424,-0.2820817232131958,-0.08674020765076307,-0.028598487377166748,-0.11046028137207031,-0.050651383378607306,-0.04999223351478577,-0.15492254495620728,-0.07081062791596082,-0.06356099247932434,-0.1859818696975708,-0.08010824469576505,-0.0733765959739685,-0.21568751335144043,-0.08515619931469587
palma_derecha,0.0,0.0,0.0,0.028670042753219604,0.003217458724975586,-0.039134074014555154,0.055004626512527466,-0.018201589584350586,-0.06194684655679339,0.0700693428516388,-0.04753851890563965,-0.07989448682678812,0.0825296938419342,-0.07639467716217041,-0.09758289532078379,0.052639007568359375,-0.1317135989665985,-0.052330255520473656,0.06291893124580383,-0.1939331591129303,-0.07832671330584162,0.06766313314437866,-0.2364225685596466,-0.0979907401026594,0.07132124900817871,-0.27594316005706787,-0.11199691520346278,0.026568472385406494,-0.1564246416091919,-0.04735232890857333,0.0288427472114563,-0.23614948987960815,-0.07116224245442027,0.028210997581481934,-0.2896653413772583,-0.08941740916384333,0.028143376111984253,-0.3369356691837311,-0.10246778653277033,0.001682192087173462,-0.16172555088996887,-0.045054409664999184,-0.0016519129276275635,-0.23388054966926575,-0.06633305923355692,-0.0028304755687713623,-0.281035840511322,-0.0813603736580717,-0.001906067132949829,-0.31975868344306946,-0.0915062539399969,-0.02176925539970398,-0.15139362215995789,-0.04592359067214602,-0.03762534260749817,-0.20591670274734497,-0.06471730397356623,-0.04733598232269287,-0.24396568536758423,-0.07541446761501902,-0.053408652544021606,-0.27790409326553345,-0.08250348643673533
palma_derecha,0.0,0.0,0.0,0.029000461101531982,0.002144932746887207,-0.0372923788001458,0.05584508180618286,-0.01832658052444458,-0.058650429206124954,0.07302200794219971,-0.04797095060348511,-0.07544074098967712,0.0860079824924469,-0.07777184247970581,-0.0917984683384816,0.054586946964263916,-0.1303340494632721,-0.04901570345663231,0.06719502806663513,-0.1922789216041565,-0.07424007992648285,0.07342246174812317,-0.23492175340652466,-0.09347665201329391,0.07799297571182251,-0.274341344833374,-0.10717197399043243,0.02886137366294861,-0.15633231401443481,-0.04487560208343666,0.03363680839538574,-0.23552653193473816,-0.06774268935822647,0.03554815053939819,-0.28938591480255127,-0.08536585311793488,0.03717833757400513,-0.3363015949726105,-0.09789963703059357,0.0037649571895599365,-0.16253262758255005,-0.04348584528469246,0.002174168825149536,-0.2331812083721161,-0.06437395404481094,0.0026966631412506104,-0.2811551094055176,-0.07939880977772873,0.004540771245956421,-0.3207109272480011,-0.08948429565333527,-0.020098835229873657,-0.15237772464752197,-0.04515632133387726,-0.036083728075027466,-0.20663496851921082,-0.06445996354722183,-0.046400755643844604,-0.24474886059761047,-0.07531226317786377,-0.053299158811569214,-0.2786934971809387,-0.08221268545293015
palma_derecha,0.0,0.0,0.0,0.02945813536643982,0.004629075527191162,-0.040204697688722035,0.0567609965801239,-0.01444333791732788,-0.06338621064057293,0.07356581091880798,-0.04330015182495117,-0.08125494553675594,0.08561524748802185,-0.07367843389511108,-0.0988530157410139,0.05337005853652954,-0.12418371438980103,-0.055159398754739186,0.06634682416915894,-0.18501415848731995,-0.08163525297274532,0.07279762625694275,-0.2276240885257721,-0.10129973425497951,0.07741627097129822,-0.2667851448059082,-0.1152593655787939,0.02821078896522522,-0.15022170543670654,-0.049792738100194356,0.03329774737358093,-0.2295774221420288,-0.0738203762375349,0.03455460071563721,-0.2830694615840912,-0.09171107544531765,0.0350629985332489,-0.32948583364486694,-0.10442882164349498,0.0035930275917053223,-0.1568385660648346,-0.04712169378032627,0.0019308030605316162,-0.22778648138046265,-0.0690136118136877,0.0018669366836547852,-0.2755941152572632,-0.08451565488209667,0.003234773874282837,-0.3149775266647339,-0.094996431311273,-0.01990261673927307,-0.14748021960258484,-0.047591553469800374,-0.037012189626693726,-0.20084375143051147,-0.06781256332030239,-0.048205286264419556,-0.23828166723251343,-0.07921434326996746,-0.055920183658599854,-0.2714364528656006,-0.08661002053847255
palma_derecha,0.0,0.0,0.0,0.028407961130142212,0.006951093673706055,-0.04293407554683881,0.05616265535354614,-0.011085987091064453,-0.06796473319587903,0.07478037476539612,-0.03903418779373169,-0.08703671450672346,0.08643501996994019,-0.06863588094711304,-0.10606878305731016,0.05720239877700806,-0.11707794666290283,-0.062109064859726004,0.06937941908836365,-0.17818808555603027,-0.09140361155328947,0.0755041241645813,-0.2217409610748291,-0.11280357892570692,0.08012807369232178,-0.2614954113960266,-0.12797270025072294,0.030712246894836426,-0.14505746960639954,-0.05610242168364721,0.03584867715835571,-0.22431057691574097,-0.08273758794126707,0.03780663013458252,-0.277940571308136,-0.10233524496612745,0.03930768370628357,-0.32564157247543335,-0.11643049920854764,0.00449332594871521,-0.15301227569580078,-0.05279666612801748,0.003381788730621338,-0.2227199673652649,-0.0771702309971829,0.004195153713226318,-0.26981741189956665,-0.09459967221079069,0.005955874919891357,-0.30880647897720337,-0.10644803251085477,-0.020122647285461426,-0.144761860370636,-0.05270073990283208,-0.037294745445251465,-0.19762712717056274,-0.07518069500980573,-0.04950961470603943,-0.23479396104812622,-0.08832831735668378,-0.058414459228515625,-0.2679659128189087,-0.09708904529867368
palma_derecha,0.0,0.0,0.0,0.029208093881607056,0.006230831146240234,-0.04360003870505125,0.05646070837974548,-0.01235055923461914,-0.06870227408188612,0.07483160495758057,-0.041374921798706055,-0.0875728289462927,0.08880293369293213,-0.07065105438232422,-0.10623350840586454,0.055487751960754395,-0.1189732551574707,-0.06189366903680593,0.06897568702697754,-0.18000590801239014,-0.08991897952336103,0.07581263780593872,-0.2236231565475464,-0.1101812730409506,0.08068856596946716,-0.2629411220550537,-0.12461590868014127,0.0295315682888031,-0.1466980278491974,-0.05531783130544454,0.03457242250442505,-0.22649648785591125,-0.08096812021511823,0.03618130087852478,-0.27996203303337097,-0.09948530149239332,0.037117838859558105,-0.32608848810195923,-0.11276978355425626,0.003901928663253784,-0.15460819005966187,-0.05147764187830717,0.0029805004596710205,-0.22497639060020447,-0.07492361318844587,0.004457712173461914,-0.2720327079296112,-0.09145481985586912,0.007097512483596802,-0.310600221157074,-0.10280334305542738,-0.020592331886291504,-0.14631709456443787,-0.05092546444910795,-0.038812607526779175,-0.19976985454559326,-0.07288961213606626,-0.050683677196502686,-0.2369767129421234,-0.08567989718693525,-0.05857270956039429,-0.2700638771057129,-0.09418779712694914
palma_derecha,0.0,0.0,0.0,0.029693245887756348,0.005168318748474121,-0.037469889483020324,0.05779463052749634,-0.013367295265197754,-0.05897828515486481,0.07587319612503052,-0.04147660732269287,-0.07576978158073189,0.0908183753490448,-0.0685850977897644,-0.09241021375970604,0.057809978723526,-0.12201768159866333,-0.050423223039672393,0.0737227201461792,-0.18114575743675232,-0.07567708145694496,0.08262532949447632,-0.22184669971466064,-0.09489326875524284,0.08994987607002258,-0.26006221771240234,-0.10838317077474358,0.032324016094207764,-0.14861556887626648,-0.04574193756894829,0.03888717293739319,-0.22543776035308838,-0.06823734890537025,0.04093825817108154,-0.2764710485935211,-0.08573081295804741,0.042864203453063965,-0.3213177025318146,-0.09829650770740272,0.00754210352897644,-0.15584081411361694,-0.04351910900192024,0.008844852447509766,-0.22368863224983215,-0.06296896885947945,0.011052906513214111,-0.27004474401474,-0.07690700095014336,0.01444903016090393,-0.3085508346557617,-0.08653572153167488,-0.016505062580108643,-0.14760994911193848,-0.044406897834107895,-0.025723129510879517,-0.20186835527420044,-0.061565890422627945,-0.03126862645149231,-0.23899903893470764,-0.07079366545991661,-0.03374496102333069,-0.27159935235977173,-0.07684154759959938
palma_derecha,0.0,0.0,0.0,0.02900967001914978,0.00488966703414917,-0.03914069919815688,0.05749499797821045,-0.013406991958618164,-0.06175558431974082,0.07509970664978027,-0.04104137420654297,-0.07934431149593024,0.08799922466278076,-0.07197332382202148,-0.0968627126418653,0.0560813844203949,-0.12210750579833984,-0.05372688709726958,0.07263469696044922,-0.180458664894104,-0.08043757243981986,0.08194220066070557,-0.22154280543327332,-0.10048646642795234,0.08942073583602905,-0.25974079966545105,-0.11455343081584601,0.030506432056427002,-0.14829036593437195,-0.0485805214845243,0.0366310179233551,-0.22514164447784424,-0.0727274210654798,0.039207905530929565,-0.27626949548721313,-0.0909238995515409,0.041340410709381104,-0.3213711977005005,-0.10391600592961936,0.005839318037033081,-0.1549375057220459,-0.046024242182880926,0.00619468092918396,-0.22396567463874817,-0.0674536915027204,0.008201360702514648,-0.26939183473587036,-0.08196321292749076,0.011458873748779297,-0.306831955909729,-0.09181819274058967,-0.017924129962921143,-0.1460205614566803,-0.04660247056713729,-0.02950108051300049,-0.20020872354507446,-0.06583295180431037,-0.03645864129066467,-0.23743444681167603,-0.07608417584529548,-0.040532708168029785,-0.2703261375427246,-0.08271868689885764
palma_derecha,0.0,0.0,0.0,0.030297935009002686,0.002592921257019043,-0.035487114518758744,0.05952754616737366,-0.015528559684753418,-0.05588501977908322,0.07680699229240417,-0.042786359786987305,-0.07188381540763089,0.08834654092788696,-0.07188671827316284,-0.08781038510787198,0.057109713554382324,-0.12104639410972595,-0.04890868353831479,0.07327932119369507,-0.17898786067962646,-0.07412743109452435,0.0824965238571167,-0.21964287757873535,-0.09319261002528378,0.08988392353057861,-0.2576236128807068,-0.10649567383515546,0.0313011109828949,-0.1466662883758545,-0.045099887132522554,0.03717774152755737,-0.22284501791000366,-0.06755021500575253,0.03946483135223389,-0.2738763689994812,-0.08444872784602353,0.041012316942214966,-0.3181973099708557,-0.09640009242284009,0.006477385759353638,-0.1533316969871521,-0.04371434736239621,0.006814360618591309,-0.22218084335327148,-0.063825952887413,0.008898377418518066,-0.2684673070907593,-0.07741404610860059,0.01189732551574707,-0.3066059648990631,-0.08649798023688504,-0.01698470115661621,-0.14416223764419556,-0.04522933351981351,-0.029458165168762207,-0.19790130853652954,-0.06362218695866773,-0.037290990352630615,-0.2348313331604004,-0.07301081258046338,-0.042221665382385254,-0.26738134026527405,-0.07879478770482251
palma_derecha,0.0,0.0,0.0,0.03803852200508118,0.014074862003326416,-0.04136019405640923,0.07724258303642273,-0.002932429313659668,-0.06368837711133324,0.10619667172431946,-0.03414338827133179,-0.08059322294511162,0.12778112292289734,-0.06451207399368286,-0.09765215423621498,0.07222169637680054,-0.11128652095794678,-0.05784682017483078,0.09218069911003113,-0.17125949263572693,-0.08550923523225151,0.10274514555931091,-0.21391141414642334,-0.10442033615626656,0.11078038811683655,-0.25307366251945496,-0.11794360187568032,0.04378482699394226,-0.14220428466796875,-0.05319988560594879,0.05344361066818237,-0.22353696823120117,-0.07943725791491829,0.05791640281677246,-0.275924950838089,-0.09735121038474404,0.06099146604537964,-0.3236010670661926,-0.10982723739661537,0.014214843511581421,-0.1504533886909485,-0.051298996626513826,0.01521405577659607,-0.225163996219635,-0.07731367853202187,0.01411411166191101,-0.27389881014823914,-0.09360797908820473,0.01383066177368164,-0.31691259145736694,-0.10404606369056069,-0.014540225267410278,-0.14120572805404663,-0.05232387241639458,-0.03154003620147705,-0.19847330451011658,-0.07761773672618233,-0.04507008194923401,-0.23486053943634033,-0.09050043132819496,-0.055399417877197266,-0.26875174045562744,-0.09813115206279122
palma_derecha,0.0,0.0,0.0,0.03844001889228821,0.000970304012298584,-0.029656731954588622,0.07634797692298889,-0.024151921272277832,-0.0448430361811063,0.10442239046096802,-0.05707067251205444,-0.05719657564796421,0.125745952129364,-0.08573371171951294,-0.06910773316658947,0.07284891605377197,-0.1352974772453308,-0.03299492920078251,0.09255117177963257,-0.19690078496932983,-0.05268781954683277,0.10280585289001465,-0.237357497215271,-0.06764143655337307,0.11076849699020386,-0.27425867319107056,-0.07872485319413158,0.04474398493766785,-0.16167345643043518,-0.031894362962617606,0.052463918924331665,-0.2406703233718872,-0.050502750522269935,0.05594959855079651,-0.2906494140625,-0.06489993581809017,0.05868029594421387,-0.3335333466529846,-0.07496444085873577,0.016106247901916504,-0.16673913598060608,-0.03364584544934246,0.0167236328125,-0.23939692974090576,-0.052930831408872336,0.017773598432540894,-0.2877776026725769,-0.0663477475408456,0.019777268171310425,-0.3288917541503906,-0.07495815256871197,-0.012505680322647095,-0.15518200397491455,-0.037878259516133994,-0.029628396034240723,-0.2118399739265442,-0.057728781795873374,-0.04083320498466492,-0.2498253583908081,-0.06801064262427303,-0.048593610525131226,-0.2847943902015686,-0.07375875065363857
palma_derecha,0.0,0.0,0.0,0.05642753839492798,-0.026516437530517578,-0.01365346368191922,0.10089349746704102,-0.07816606760025024,-0.02268205024091685,0.13330775499343872,-0.11509156227111816,-0.03321642242161715,0.15779006481170654,-0.14676439762115479,-0.04485518298832858,0.0768575668334961,-0.17313021421432495,-0.015740672124309185,0.09678018093109131,-0.24891826510429382,-0.03494355268566096,0.10925084352493286,-0.29357874393463135,-0.05039004422513926,0.1201360821723938,-0.33258962631225586,-0.06164504028646434,0.054144591093063354,-0.180810809135437,-0.02462406083731139,0.06961286067962646,-0.26999038457870483,-0.042194085193557385,0.08113032579421997,-0.32743072509765625,-0.05779460631100619,0.08928781747817993,-0.37657028436660767,-0.06933787278620684,0.028348028659820557,-0.1718844771385193,-0.035983851177377346,0.040684640407562256,-0.25957655906677246,-0.054188700390739086,0.05112886428833008,-0.311536967754364,-0.06787964515177691,0.05926769971847534,-0.3574420213699341,-0.07737096957652057,0.0011764466762542725,-0.14850115776062012,-0.04861858673183406,-0.0019840598106384277,-0.2096881866455078,-0.06772763095585788,-0.0028201043605804443,-0.2526833415031433,-0.07748581282584155,-0.004876255989074707,-0.2923717498779297,-0.0836638044544884
palma_derecha,0.0,0.0,0.0,0.053309887647628784,-0.02780359983444214,-0.013293056487071908,0.09753471612930298,-0.07927685976028442,-0.021704984567094243,0.13008934259414673,-0.11436069011688232,-0.03156212318592111,0.15326470136642456,-0.1438257098197937,-0.042320430017042554,0.07094788551330566,-0.17560338973999023,-0.013357800169814027,0.09218961000442505,-0.25087639689445496,-0.03155032891683618,0.10487043857574463,-0.2953987419605255,-0.046672306693125165,0.11533206701278687,-0.3339185118675232,-0.05747403550796548,0.04835966229438782,-0.1828920841217041,-0.02209593143217603,0.06469535827636719,-0.2698404788970947,-0.03833660829715768,0.07682192325592041,-0.32785242795944214,-0.05332323137574235,0.08559828996658325,-0.376492977142334,-0.06425168339066545,0.02345573902130127,-0.17407691478729248,-0.03345656368784944,0.038011789321899414,-0.25896531343460083,-0.05034869510583917,0.05109274387359619,-0.3108418881893158,-0.06337814751915971,0.062294572591781616,-0.35551923513412476,-0.07222312662653962,-0.0031877756118774414,-0.15079444646835327,-0.04618372369461099,-0.007341653108596802,-0.2106221318244934,-0.06404627833418886,-0.008132994174957275,-0.25428950786590576,-0.07282904509358445,-0.009101122617721558,-0.293595552444458,-0.07811572376542131
palma_derecha,0.0,0.0,0.0,0.05772504210472107,-0.02517879009246826,-0.01142407791229516,0.10346102714538574,-0.07855254411697388,-0.017025223239386378,0.13547110557556152,-0.11595892906188965,-0.02425311343284875,0.15838420391082764,-0.14894646406173706,-0.0324205590924862,0.08427631855010986,-0.16786116361618042,-0.008457029475891886,0.1066548228263855,-0.24033814668655396,-0.025215765698874293,0.11816567182540894,-0.28316551446914673,-0.03919042856904298,0.12621653079986572,-0.3181932270526886,-0.049206206812584696,0.06036311388015747,-0.17944586277008057,-0.017209321498000918,0.07946610450744629,-0.2643120288848877,-0.03276807652326852,0.09175747632980347,-0.3205491602420807,-0.04786193953367501,0.0998983383178711,-0.3669465482234955,-0.05859396444174081,0.03279349207878113,-0.17374968528747559,-0.028626876189434824,0.04911625385284424,-0.2581041157245636,-0.045707972957814036,0.06224551796913147,-0.3090841770172119,-0.05995264114352494,0.07363402843475342,-0.35336703062057495,-0.06965747313114434,0.0033062100410461426,-0.15250200033187866,-0.04106307239743501,2.2649765014648438e-06,-0.21099624037742615,-0.05971020297619134,-0.0010031163692474365,-0.2523801326751709,-0.06937497691723138,-0.0021261870861053467,-0.2901764214038849,-0.0752437396487835
palma_derecha,0.0,0.0,0.0,0.059223324060440063,-0.023629307746887207,-0.014936359863554571,0.10470697283744812,-0.0746118426322937,-0.02438575521466646,0.13684698939323425,-0.10988020896911621,-0.035069172534917925,0.16167810559272766,-0.14372801780700684,-0.04727938518283281,0.08753475546836853,-0.16302049160003662,-0.018245847228740786,0.10890945792198181,-0.2348107099533081,-0.03931953877565775,0.1215234100818634,-0.2786341905593872,-0.05608039096352968,0.13112977147102356,-0.3157306909561157,-0.06871201962587747,0.06338852643966675,-0.1721065640449524,-0.028314394209360216,0.08123108744621277,-0.256767213344574,-0.04920197025296602,0.09399518370628357,-0.31497856974601746,-0.06796056896803293,0.10339924693107605,-0.36389294266700745,-0.08180171370861444,0.035063207149505615,-0.16296029090881348,-0.04117175311205301,0.05371516942977905,-0.24789270758628845,-0.06428193420526895,0.06860926747322083,-0.300290048122406,-0.08301755905506525,0.081777423620224,-0.34624165296554565,-0.09609144300577555,0.005649179220199585,-0.13797855377197266,-0.05493316918966684,0.002845555543899536,-0.19532811641693115,-0.08052620411274347,0.0022906064987182617,-0.23757600784301758,-0.094991230670189,0.0017608106136322021,-0.27722251415252686,-0.10445189595577631
palma_derecha,0.0,0.0,0.0,0.059074342250823975,-0.02753424644470215,-0.012197346168974832,0.10220128297805786,-0.08292609453201294,-0.018992756235817865,0.13309389352798462,-0.12208634614944458,-0.027138837355593637,0.15860438346862793,-0.15675383806228638,-0.03637761131248851,0.08767759799957275,-0.1657821536064148,-0.011230432170847848,0.11050564050674438,-0.23710209131240845,-0.029461105096558526,0.12344104051589966,-0.27974945306777954,-0.04406292617640872,0.1334073543548584,-0.3153391182422638,-0.05511070669017215,0.06457847356796265,-0.17666113376617432,-0.02099591188452621,0.08421725034713745,-0.2622278928756714,-0.03908965245209117,0.09719312191009521,-0.3190438747406006,-0.055040652606109575,0.10681837797164917,-0.36656254529953003,-0.06636716306529422,0.0369342565536499,-0.1686638593673706,-0.03362362340412517,0.057527780532836914,-0.2563771605491638,-0.05446628362260242,0.07355082035064697,-0.3087906539440155,-0.0706159386070766,0.08836907148361206,-0.3552199602127075,-0.08163306743226428,0.007270991802215576,-0.14406603574752808,-0.04703732833586116,0.006437569856643677,-0.20017015933990479,-0.07078418016753574,0.0062243640422821045,-0.2425709068775177,-0.08335762352071185,0.005948454141616821,-0.28375938534736633,-0.09116773188434024
palma_derecha,0.0,0.0,0.0,0.05692806839942932,-0.02148193120956421,-0.014122290823962658,0.09935712814331055,-0.07520037889480591,-0.021758349899556606,0.13055795431137085,-0.11509239673614502,-0.030453542534615963,0.1568281650543213,-0.148501455783844,-0.04025995946338412,0.0865439772605896,-0.15866798162460327,-0.011760385062899559,0.1102980375289917,-0.22690904140472412,-0.030193319831397503,0.12301778793334961,-0.26695290207862854,-0.04524108982494113,0.1326327919960022,-0.29843923449516296,-0.05610859236529109,0.0642549991607666,-0.1716051697731018,-0.020168584127333133,0.08606839179992676,-0.2533172070980072,-0.0374545737247729,0.09940356016159058,-0.3104269504547119,-0.05309344298055407,0.1093672513961792,-0.3585110008716583,-0.06419734871795413,0.037138134241104126,-0.16583532094955444,-0.03168902016093966,0.059297025203704834,-0.25174352526664734,-0.05141284904291865,0.0750991702079773,-0.30476003885269165,-0.067114265922811,0.09018850326538086,-0.35138994455337524,-0.07789151585510012,0.007050365209579468,-0.14421242475509644,-0.04420348844340083,0.005943328142166138,-0.20096230506896973,-0.06614562338998553,0.00608295202255249,-0.24255555868148804,-0.07753633177688357,0.0071746110916137695,-0.2818259596824646,-0.08465754455735919
palma_derecha,0.0,0.0,0.0,0.059478938579559326,-0.024036169052124023,-0.011420506708390121,0.10363095998764038,-0.08047133684158325,-0.01721633011854351,0.13152074813842773,-0.11770844459533691,-0.024532081283695106,0.14913088083267212,-0.14961612224578857,-0.03336192081130207,0.0850759744644165,-0.16331487894058228,-0.012356724314457779,0.10805356502532959,-0.2320411205291748,-0.031212459974057083,0.1192886233329773,-0.27179256081581116,-0.0464054436460799,0.12734609842300415,-0.3048998713493347,-0.05773790339387119,0.062118470668792725,-0.1718427538871765,-0.022741798035866623,0.08273226022720337,-0.25274041295051575,-0.041921434648401146,0.0955662727355957,-0.30892422795295715,-0.058938761897451286,0.1049618124961853,-0.3580440580844879,-0.07111919084942997,0.034949034452438354,-0.16158360242843628,-0.03589534173167408,0.056786805391311646,-0.24807780981063843,-0.05771069014824093,0.07260560989379883,-0.30011072754859924,-0.0749459133521384,0.08687925338745117,-0.34768280386924744,-0.08681856999552906,0.005467474460601807,-0.13615775108337402,-0.04969171593344868,0.004852890968322754,-0.19199079275131226,-0.07425213763869465,0.006132364273071289,-0.2352484166622162,-0.0877192408815688,0.008686155080795288,-0.27744314074516296,-0.0964937449470824
palma_derecha,0.0,0.0,0.0,0.05829879641532898,-0.025464236736297607,-0.012795479952231403,0.10389521718025208,-0.0780327320098877,-0.019549853152469154,0.13328734040260315,-0.11452245712280273,-0.02793207669897413,0.15322080254554749,-0.14889639616012573,-0.03685476536197996,0.08681485056877136,-0.16258764266967773,-0.006342573541090246,0.11207279562950134,-0.22602450847625732,-0.02596163096173143,0.12522968649864197,-0.2528851330280304,-0.04222319180412626,0.13390859961509705,-0.2699964642524719,-0.053078643030360695,0.06427425146102905,-0.1745120882987976,-0.01573341990156507,0.0867476761341095,-0.25367099046707153,-0.03253906125469541,0.10132601857185364,-0.3065658211708069,-0.04865799749536848,0.11170843243598938,-0.35106104612350464,-0.05997238213463163,0.03690609335899353,-0.16684812307357788,-0.028846153042152878,0.058317482471466064,-0.249554842710495,-0.04854674915118551,0.07491883635520935,-0.3014044165611267,-0.06487990448518133,0.09026232361793518,-0.34894275665283203,-0.07600304017110204,0.0074793994426727295,-0.142322838306427,-0.04297808835549688,0.006860524415969849,-0.1953946352005005,-0.06463125625892019,0.006548196077346802,-0.2361099123954773,-0.07590890208525991,0.006792902946472168,-0.27658772468566895,-0.08303950259728765
palma_derecha,0.0,0.0,0.0,0.05580282211303711,-0.025310039520263672,-0.014396253260827052,0.10035496950149536,-0.07947194576263428,-0.022009866531050193,0.1333010196685791,-0.11930066347122192,-0.03019456401005982,0.15684187412261963,-0.15638893842697144,-0.03906045503453015,0.0773998498916626,-0.16145795583724976,-0.01595056265131234,0.10215836763381958,-0.2335679531097412,-0.03461062185004948,0.11383122205734253,-0.27867603302001953,-0.048881367067849624,0.12246543169021606,-0.31768491864204407,-0.05960585571364163,0.05608677864074707,-0.17088443040847778,-0.024213550831234443,0.07492661476135254,-0.25708234310150146,-0.04356608561710118,0.09107106924057007,-0.3153429925441742,-0.059240047107493865,0.10439515113830566,-0.3657420575618744,-0.07048565171197652,0.03131172060966492,-0.16384631395339966,-0.03529154158667325,0.051376402378082275,-0.24731135368347168,-0.05735204018191098,0.0719977617263794,-0.29390737414360046,-0.07231797299817799,0.09038257598876953,-0.335497111082077,-0.08214449159339665,0.005434691905975342,-0.14157116413116455,-0.04737290389374493,0.0072106122970581055,-0.197138249874115,-0.07085721216634511,0.009607285261154175,-0.24060693383216858,-0.08301611266568898,0.012136697769165039,-0.28167304396629333,-0.09073029480413197
palma_derecha,0.0,0.0,0.0,0.05576670169830322,-0.023121297359466553,-0.01911704757435473,0.09897470474243164,-0.0719946026802063,-0.03010850914938601,0.1324557065963745,-0.11435455083847046,-0.04120900438351782,0.15691304206848145,-0.15619003772735596,-0.05308349386973532,0.0728495717048645,-0.1557166576385498,-0.020523404266668877,0.09925657510757446,-0.22654399275779724,-0.04162875146789702,0.11256510019302368,-0.2720208168029785,-0.05812289522214087,0.12239497900009155,-0.3128095269203186,-0.07019122273845824,0.051779091358184814,-0.16735011339187622,-0.0270897164307371,0.07058662176132202,-0.25056129693984985,-0.048581290554238876,0.08815640211105347,-0.3094184696674347,-0.06663039655609282,0.10293591022491455,-0.3595202565193176,-0.07965109826250227,0.027146756649017334,-0.163052499294281,-0.03682564155383261,0.04588398337364197,-0.23800483345985413,-0.06045141400022658,0.07070010900497437,-0.28241926431655884,-0.07747499228639754,0.09264528751373291,-0.3202611804008484,-0.08854379088802489,0.002648681402206421,-0.14471018314361572,-0.04796887518091353,0.004228949546813965,-0.19939741492271423,-0.07142354876918944,0.006864815950393677,-0.2412664294242859,-0.08397176445646437,0.009061336517333984,-0.27780354022979736,-0.09214105786008986
